{"__meta":{"schema_version":3,"schema_name":"IsolationForestModelV3","schema_type":"IsolationForestModel"},"model_id":{"__meta":{"schema_version":3,"schema_name":"ModelKeyV3","schema_type":"Key<Model>"},"name":"IsolationForest_model_R_1598476777072_146","type":"Key<Model>","URL":"/3/Models/IsolationForest_model_R_1598476777072_146"},"algo":"isolationforest","algo_full_name":"Isolation Forest","response_column_name":null,"data_frame":{"__meta":{"schema_version":3,"schema_name":"FrameKeyV3","schema_type":"Key<Frame>"},"name":"complete_data_selectedvars_sid_96c3_1","type":"Key<Frame>","URL":"/3/Frames/complete_data_selectedvars_sid_96c3_1"},"timestamp":1598553264056,"have_pojo":false,"have_mojo":true,"algo":"isolationforest","algo_full_name":"Isolation Forest","model_id":{"__meta":{"schema_version":3,"schema_name":"ModelKeyV3","schema_type":"Key<Model>"},"name":"IsolationForest_model_R_1598476777072_146","type":"Key<Model>","URL":"/3/Models/IsolationForest_model_R_1598476777072_146"},"parameters":[{"__meta":{"schema_version":3,"schema_name":"ModelParameterSchemaV3","schema_type":"Iced"},"name":"model_id","label":"model_id","help":"Destination id for this model; auto-generated if not specified.","required":false,"type":"Key<Model>","default_value":null,"actual_value":{"__meta":{"schema_version":3,"schema_name":"ModelKeyV3","schema_type":"Key<Model>"},"name":"IsolationForest_model_R_1598476777072_146","type":"Key<Model>","URL":"/3/Models/IsolationForest_model_R_1598476777072_146"},"input_value":null,"level":"critical","values":[],"is_member_of_frames":[],"is_mutually_exclusive_with":[],"gridable":false},{"__meta":{"schema_version":3,"schema_name":"ModelParameterSchemaV3","schema_type":"Iced"},"name":"training_frame","label":"training_frame","help":"Id of the training data frame.","required":false,"type":"Key<Frame>","default_value":null,"actual_value":{"__meta":{"schema_version":3,"schema_name":"FrameKeyV3","schema_type":"Key<Frame>"},"name":"complete_data_selectedvars_sid_96c3_1","type":"Key<Frame>","URL":"/3/Frames/complete_data_selectedvars_sid_96c3_1"},"input_value":{"__meta":{"schema_version":3,"schema_name":"FrameKeyV3","schema_type":"Key<Frame>"},"name":"complete_data_selectedvars_sid_96c3_1","type":"Key<Frame>","URL":"/3/Frames/complete_data_selectedvars_sid_96c3_1"},"level":"critical","values":[],"is_member_of_frames":[],"is_mutually_exclusive_with":[],"gridable":false},{"__meta":{"schema_version":3,"schema_name":"ModelParameterSchemaV3","schema_type":"Iced"},"name":"score_each_iteration","label":"score_each_iteration","help":"Whether to score during each iteration of model training.","required":false,"type":"boolean","default_value":false,"actual_value":false,"input_value":false,"level":"secondary","values":[],"is_member_of_frames":[],"is_mutually_exclusive_with":[],"gridable":false},{"__meta":{"schema_version":3,"schema_name":"ModelParameterSchemaV3","schema_type":"Iced"},"name":"score_tree_interval","label":"score_tree_interval","help":"Score the model after every so many trees. Disabled if set to 0.","required":false,"type":"int","default_value":0,"actual_value":0,"input_value":0,"level":"secondary","values":[],"is_member_of_frames":[],"is_mutually_exclusive_with":[],"gridable":false},{"__meta":{"schema_version":3,"schema_name":"ModelParameterSchemaV3","schema_type":"Iced"},"name":"ignored_columns","label":"ignored_columns","help":"Names of columns to ignore for training.","required":false,"type":"string[]","default_value":null,"actual_value":["bxdate","practice","primary_tx"],"input_value":["bxdate","practice","primary_tx"],"level":"critical","values":[],"is_member_of_frames":["training_frame","validation_frame"],"is_mutually_exclusive_with":["validation_response_column"],"gridable":false},{"__meta":{"schema_version":3,"schema_name":"ModelParameterSchemaV3","schema_type":"Iced"},"name":"ignore_const_cols","label":"ignore_const_cols","help":"Ignore constant columns.","required":false,"type":"boolean","default_value":true,"actual_value":true,"input_value":true,"level":"critical","values":[],"is_member_of_frames":[],"is_mutually_exclusive_with":[],"gridable":false},{"__meta":{"schema_version":3,"schema_name":"ModelParameterSchemaV3","schema_type":"Iced"},"name":"ntrees","label":"ntrees","help":"Number of trees.","required":false,"type":"int","default_value":50,"actual_value":1000,"input_value":1000,"level":"critical","values":[],"is_member_of_frames":[],"is_mutually_exclusive_with":[],"gridable":true},{"__meta":{"schema_version":3,"schema_name":"ModelParameterSchemaV3","schema_type":"Iced"},"name":"max_depth","label":"max_depth","help":"Maximum tree depth (0 for unlimited).","required":false,"type":"int","default_value":8,"actual_value":20,"input_value":20,"level":"critical","values":[],"is_member_of_frames":[],"is_mutually_exclusive_with":[],"gridable":true},{"__meta":{"schema_version":3,"schema_name":"ModelParameterSchemaV3","schema_type":"Iced"},"name":"min_rows","label":"min_rows","help":"Fewest allowed (weighted) observations in a leaf.","required":false,"type":"double","default_value":1.0,"actual_value":1.0,"input_value":1.0,"level":"critical","values":[],"is_member_of_frames":[],"is_mutually_exclusive_with":[],"gridable":true},{"__meta":{"schema_version":3,"schema_name":"ModelParameterSchemaV3","schema_type":"Iced"},"name":"max_runtime_secs","label":"max_runtime_secs","help":"Maximum allowed runtime in seconds for model training. Use 0 to disable.","required":false,"type":"double","default_value":0.0,"actual_value":0.0,"input_value":0.0,"level":"secondary","values":[],"is_member_of_frames":[],"is_mutually_exclusive_with":[],"gridable":true},{"__meta":{"schema_version":3,"schema_name":"ModelParameterSchemaV3","schema_type":"Iced"},"name":"seed","label":"seed","help":"Seed for pseudo random number generator (if applicable)","required":false,"type":"long","default_value":-1,"actual_value":-2978073793218425799,"input_value":-1,"level":"critical","values":[],"is_member_of_frames":[],"is_mutually_exclusive_with":[],"gridable":true},{"__meta":{"schema_version":3,"schema_name":"ModelParameterSchemaV3","schema_type":"Iced"},"name":"build_tree_one_node","label":"build_tree_one_node","help":"Run on one node only; no network overhead but fewer cpus used. Suitable for small datasets.","required":false,"type":"boolean","default_value":false,"actual_value":false,"input_value":false,"level":"expert","values":[],"is_member_of_frames":[],"is_mutually_exclusive_with":[],"gridable":false},{"__meta":{"schema_version":3,"schema_name":"ModelParameterSchemaV3","schema_type":"Iced"},"name":"mtries","label":"mtries","help":"Number of variables randomly sampled as candidates at each split. If set to -1, defaults (number of predictors)/3.","required":false,"type":"int","default_value":-1,"actual_value":-1,"input_value":-1,"level":"critical","values":[],"is_member_of_frames":[],"is_mutually_exclusive_with":[],"gridable":true},{"__meta":{"schema_version":3,"schema_name":"ModelParameterSchemaV3","schema_type":"Iced"},"name":"sample_size","label":"sample_size","help":"Number of randomly sampled observations used to train each Isolation Forest tree. Only one of parameters sample_size and sample_rate should be defined. If sample_rate is defined, sample_size will be ignored.","required":false,"type":"long","default_value":256,"actual_value":256,"input_value":256,"level":"critical","values":[],"is_member_of_frames":[],"is_mutually_exclusive_with":[],"gridable":true},{"__meta":{"schema_version":3,"schema_name":"ModelParameterSchemaV3","schema_type":"Iced"},"name":"sample_rate","label":"sample_rate","help":"Rate of randomly sampled observations used to train each Isolation Forest tree. Needs to be in range from 0.0 to 1.0. If set to -1, sample_rate is disabled and sample_size will be used instead.","required":false,"type":"double","default_value":-1.0,"actual_value":0.1,"input_value":0.1,"level":"critical","values":[],"is_member_of_frames":[],"is_mutually_exclusive_with":[],"gridable":true},{"__meta":{"schema_version":3,"schema_name":"ModelParameterSchemaV3","schema_type":"Iced"},"name":"col_sample_rate_change_per_level","label":"col_sample_rate_change_per_level","help":"Relative change of the column sampling rate for every level (must be > 0.0 and <= 2.0)","required":false,"type":"double","default_value":1.0,"actual_value":1.0,"input_value":1.0,"level":"expert","values":[],"is_member_of_frames":[],"is_mutually_exclusive_with":[],"gridable":true},{"__meta":{"schema_version":3,"schema_name":"ModelParameterSchemaV3","schema_type":"Iced"},"name":"col_sample_rate_per_tree","label":"col_sample_rate_per_tree","help":"Column sample rate per tree (from 0.0 to 1.0)","required":false,"type":"double","default_value":1.0,"actual_value":1.0,"input_value":1.0,"level":"secondary","values":[],"is_member_of_frames":[],"is_mutually_exclusive_with":[],"gridable":true},{"__meta":{"schema_version":3,"schema_name":"ModelParameterSchemaV3","schema_type":"Iced"},"name":"categorical_encoding","label":"categorical_encoding","help":"Encoding scheme for categorical features","required":false,"type":"enum","default_value":"AUTO","actual_value":"Enum","input_value":"AUTO","level":"secondary","values":["AUTO","Enum","OneHotInternal","OneHotExplicit","Binary","Eigen","LabelEncoder","SortByResponse","EnumLimited"],"is_member_of_frames":[],"is_mutually_exclusive_with":[],"gridable":true},{"__meta":{"schema_version":3,"schema_name":"ModelParameterSchemaV3","schema_type":"Iced"},"name":"stopping_rounds","label":"stopping_rounds","help":"Early stopping based on convergence of stopping_metric. Stop if simple moving average of length k of the stopping_metric does not improve for k:=stopping_rounds scoring events (0 to disable)","required":false,"type":"int","default_value":0,"actual_value":0,"input_value":0,"level":"secondary","values":[],"is_member_of_frames":[],"is_mutually_exclusive_with":[],"gridable":true},{"__meta":{"schema_version":3,"schema_name":"ModelParameterSchemaV3","schema_type":"Iced"},"name":"stopping_metric","label":"stopping_metric","help":"Metric to use for early stopping (AUTO: logloss for classification, deviance for regression and anonomaly_score for Isolation Forest). Note that custom and custom_increasing can only be used in GBM and DRF with the Python client.","required":false,"type":"enum","default_value":"AUTO","actual_value":null,"input_value":"AUTO","level":"secondary","values":["AUTO","deviance","logloss","MSE","RMSE","MAE","RMSLE","AUC","AUCPR","lift_top_group","misclassification","mean_per_class_error","anomaly_score","custom","custom_increasing"],"is_member_of_frames":[],"is_mutually_exclusive_with":[],"gridable":true},{"__meta":{"schema_version":3,"schema_name":"ModelParameterSchemaV3","schema_type":"Iced"},"name":"stopping_tolerance","label":"stopping_tolerance","help":"Relative tolerance for metric-based stopping criterion (stop if relative improvement is not at least this much)","required":false,"type":"double","default_value":0.01,"actual_value":0.01,"input_value":0.01,"level":"secondary","values":[],"is_member_of_frames":[],"is_mutually_exclusive_with":[],"gridable":true},{"__meta":{"schema_version":3,"schema_name":"ModelParameterSchemaV3","schema_type":"Iced"},"name":"export_checkpoints_dir","label":"export_checkpoints_dir","help":"Automatically export generated models to this directory.","required":false,"type":"string","default_value":null,"actual_value":null,"input_value":null,"level":"secondary","values":[],"is_member_of_frames":[],"is_mutually_exclusive_with":[],"gridable":false},{"__meta":{"schema_version":3,"schema_name":"ModelParameterSchemaV3","schema_type":"Iced"},"name":"contamination","label":"contamination","help":"Contamination ratio - the proportion of anomalies in the input dataset. If undefined (-1) the predict function will not mark observations as anomalies and only anomaly score will be returned. Defaults to -1 (undefined).","required":false,"type":"double","default_value":-1.0,"actual_value":-1.0,"input_value":-1.0,"level":"critical","values":[],"is_member_of_frames":[],"is_mutually_exclusive_with":[],"gridable":false},{"__meta":{"schema_version":3,"schema_name":"ModelParameterSchemaV3","schema_type":"Iced"},"name":"validation_frame","label":"validation_frame","help":"Id of the validation data frame.","required":false,"type":"Key<Frame>","default_value":null,"actual_value":null,"input_value":null,"level":"critical","values":[],"is_member_of_frames":[],"is_mutually_exclusive_with":[],"gridable":true},{"__meta":{"schema_version":3,"schema_name":"ModelParameterSchemaV3","schema_type":"Iced"},"name":"validation_response_column","label":"validation_response_column","help":"(experimental) Name of the response column in the validation frame. Response column should be binary and indicate not anomaly/anomaly.","required":false,"type":"VecSpecifier","default_value":null,"actual_value":null,"input_value":null,"level":"secondary","values":[],"is_member_of_frames":["validation_frame"],"is_mutually_exclusive_with":["ignored_columns"],"gridable":false}],"output":{"__meta":{"schema_version":3,"schema_name":"IsolationForestModelOutputV3","schema_type":"IsolationForestOutput"},"names":["age_rc","psa","bxgs","bxgs1","bxgs2","totcores","poscores","wgt","mi","diab"],"original_names":null,"column_types":["Numeric","Numeric","Numeric","Numeric","Numeric","Numeric","Numeric","Numeric","Enum","Enum"],"domains":[null,null,null,null,null,null,null,null,["No","Yes"],["No","Yes"]],"cross_validation_models":null,"cross_validation_predictions":null,"cross_validation_holdout_predictions_frame_id":null,"cross_validation_fold_assignment_frame_id":null,"model_category":"AnomalyDetection","model_summary":{"__meta":{"schema_version":3,"schema_name":"TwoDimTableV3","schema_type":"TwoDimTable"},"name":"Model Summary","description":"","columns":[{"__meta":{"schema_version":-1,"schema_name":"ColumnSpecsBase","schema_type":"Iced"},"name":"","type":"string","format":"%s","description":""},{"__meta":{"schema_version":-1,"schema_name":"ColumnSpecsBase","schema_type":"Iced"},"name":"number_of_trees","type":"long","format":"%d","description":"Number of Trees"},{"__meta":{"schema_version":-1,"schema_name":"ColumnSpecsBase","schema_type":"Iced"},"name":"number_of_internal_trees","type":"long","format":"%d","description":"Number of Internal Trees"},{"__meta":{"schema_version":-1,"schema_name":"ColumnSpecsBase","schema_type":"Iced"},"name":"model_size_in_bytes","type":"long","format":"%d","description":"Model Size in Bytes"},{"__meta":{"schema_version":-1,"schema_name":"ColumnSpecsBase","schema_type":"Iced"},"name":"min_depth","type":"long","format":"%d","description":"Min. Depth"},{"__meta":{"schema_version":-1,"schema_name":"ColumnSpecsBase","schema_type":"Iced"},"name":"max_depth","type":"long","format":"%d","description":"Max. Depth"},{"__meta":{"schema_version":-1,"schema_name":"ColumnSpecsBase","schema_type":"Iced"},"name":"mean_depth","type":"double","format":"%.5f","description":"Mean Depth"},{"__meta":{"schema_version":-1,"schema_name":"ColumnSpecsBase","schema_type":"Iced"},"name":"min_leaves","type":"long","format":"%d","description":"Min. Leaves"},{"__meta":{"schema_version":-1,"schema_name":"ColumnSpecsBase","schema_type":"Iced"},"name":"max_leaves","type":"long","format":"%d","description":"Max. Leaves"},{"__meta":{"schema_version":-1,"schema_name":"ColumnSpecsBase","schema_type":"Iced"},"name":"mean_leaves","type":"double","format":"%.5f","description":"Mean Leaves"}],"rowcount":1,"data":[[""],[1000],[1000],[6269928],[19],[20],[19.997],[259],[639],[494.74]]},"scoring_history":{"__meta":{"schema_version":3,"schema_name":"TwoDimTableV3","schema_type":"TwoDimTable"},"name":"Scoring History","description":"","columns":[{"__meta":{"schema_version":-1,"schema_name":"ColumnSpecsBase","schema_type":"Iced"},"name":"","type":"string","format":"%s","description":""},{"__meta":{"schema_version":-1,"schema_name":"ColumnSpecsBase","schema_type":"Iced"},"name":"timestamp","type":"string","format":"%s","description":"Timestamp"},{"__meta":{"schema_version":-1,"schema_name":"ColumnSpecsBase","schema_type":"Iced"},"name":"duration","type":"string","format":"%s","description":"Duration"},{"__meta":{"schema_version":-1,"schema_name":"ColumnSpecsBase","schema_type":"Iced"},"name":"number_of_trees","type":"long","format":"%d","description":"Number of Trees"},{"__meta":{"schema_version":-1,"schema_name":"ColumnSpecsBase","schema_type":"Iced"},"name":"mean_tree_path_length","type":"double","format":"%.5f","description":"Mean Tree Path Length"},{"__meta":{"schema_version":-1,"schema_name":"ColumnSpecsBase","schema_type":"Iced"},"name":"mean_anomaly_score","type":"double","format":"%.5f","description":"Mean Anomaly Score"}],"rowcount":299,"data":[["","","","","","","","","","","","","","","","","","","","","","","","","","","","","","","","","","","","","","","","","","","","","","","","","","","","","","","","","","","","","","","","","","","","","","","","","","","","","","","","","","","","","","","","","","","","","","","","","","","","","","","","","","","","","","","","","","","","","","","","","","","","","","","","","","","","","","","","","","","","","","","","","","","","","","","","","","","","","","","","","","","","","","","","","","","","","","","","","","","","","","","","","","","","","","","","","","","","","","","","","","","","","","","","","","","","","","","","","","","","","","","","","","","","","","","","","","","","","","","","","","","","","","","","","","","","","","","","","","","","","","","","","","","","","","","","","","","","","","","","","","","","","","","","","","","","","","","","","","",""],["2020-08-27 14:34:11","2020-08-27 14:34:11","2020-08-27 14:34:11","2020-08-27 14:34:12","2020-08-27 14:34:12","2020-08-27 14:34:12","2020-08-27 14:34:12","2020-08-27 14:34:12","2020-08-27 14:34:12","2020-08-27 14:34:12","2020-08-27 14:34:12","2020-08-27 14:34:12","2020-08-27 14:34:12","2020-08-27 14:34:12","2020-08-27 14:34:12","2020-08-27 14:34:12","2020-08-27 14:34:12","2020-08-27 14:34:12","2020-08-27 14:34:12","2020-08-27 14:34:12","2020-08-27 14:34:12","2020-08-27 14:34:12","2020-08-27 14:34:12","2020-08-27 14:34:12","2020-08-27 14:34:12","2020-08-27 14:34:12","2020-08-27 14:34:12","2020-08-27 14:34:12","2020-08-27 14:34:12","2020-08-27 14:34:12","2020-08-27 14:34:12","2020-08-27 14:34:12","2020-08-27 14:34:12","2020-08-27 14:34:12","2020-08-27 14:34:12","2020-08-27 14:34:12","2020-08-27 14:34:12","2020-08-27 14:34:12","2020-08-27 14:34:12","2020-08-27 14:34:12","2020-08-27 14:34:12","2020-08-27 14:34:12","2020-08-27 14:34:12","2020-08-27 14:34:12","2020-08-27 14:34:12","2020-08-27 14:34:12","2020-08-27 14:34:12","2020-08-27 14:34:12","2020-08-27 14:34:12","2020-08-27 14:34:12","2020-08-27 14:34:12","2020-08-27 14:34:12","2020-08-27 14:34:12","2020-08-27 14:34:12","2020-08-27 14:34:12","2020-08-27 14:34:12","2020-08-27 14:34:12","2020-08-27 14:34:12","2020-08-27 14:34:12","2020-08-27 14:34:12","2020-08-27 14:34:12","2020-08-27 14:34:12","2020-08-27 14:34:12","2020-08-27 14:34:12","2020-08-27 14:34:12","2020-08-27 14:34:12","2020-08-27 14:34:12","2020-08-27 14:34:12","2020-08-27 14:34:12","2020-08-27 14:34:12","2020-08-27 14:34:12","2020-08-27 14:34:12","2020-08-27 14:34:12","2020-08-27 14:34:13","2020-08-27 14:34:13","2020-08-27 14:34:13","2020-08-27 14:34:13","2020-08-27 14:34:13","2020-08-27 14:34:13","2020-08-27 14:34:13","2020-08-27 14:34:13","2020-08-27 14:34:13","2020-08-27 14:34:13","2020-08-27 14:34:13","2020-08-27 14:34:13","2020-08-27 14:34:13","2020-08-27 14:34:13","2020-08-27 14:34:13","2020-08-27 14:34:13","2020-08-27 14:34:13","2020-08-27 14:34:13","2020-08-27 14:34:13","2020-08-27 14:34:13","2020-08-27 14:34:13","2020-08-27 14:34:13","2020-08-27 14:34:13","2020-08-27 14:34:13","2020-08-27 14:34:13","2020-08-27 14:34:13","2020-08-27 14:34:13","2020-08-27 14:34:13","2020-08-27 14:34:13","2020-08-27 14:34:13","2020-08-27 14:34:13","2020-08-27 14:34:13","2020-08-27 14:34:13","2020-08-27 14:34:13","2020-08-27 14:34:13","2020-08-27 14:34:13","2020-08-27 14:34:13","2020-08-27 14:34:13","2020-08-27 14:34:13","2020-08-27 14:34:13","2020-08-27 14:34:13","2020-08-27 14:34:13","2020-08-27 14:34:13","2020-08-27 14:34:13","2020-08-27 14:34:13","2020-08-27 14:34:13","2020-08-27 14:34:13","2020-08-27 14:34:13","2020-08-27 14:34:13","2020-08-27 14:34:13","2020-08-27 14:34:13","2020-08-27 14:34:13","2020-08-27 14:34:13","2020-08-27 14:34:13","2020-08-27 14:34:13","2020-08-27 14:34:13","2020-08-27 14:34:13","2020-08-27 14:34:13","2020-08-27 14:34:13","2020-08-27 14:34:13","2020-08-27 14:34:13","2020-08-27 14:34:13","2020-08-27 14:34:13","2020-08-27 14:34:13","2020-08-27 14:34:13","2020-08-27 14:34:13","2020-08-27 14:34:13","2020-08-27 14:34:13","2020-08-27 14:34:13","2020-08-27 14:34:13","2020-08-27 14:34:13","2020-08-27 14:34:13","2020-08-27 14:34:13","2020-08-27 14:34:13","2020-08-27 14:34:13","2020-08-27 14:34:13","2020-08-27 14:34:13","2020-08-27 14:34:13","2020-08-27 14:34:13","2020-08-27 14:34:13","2020-08-27 14:34:13","2020-08-27 14:34:13","2020-08-27 14:34:13","2020-08-27 14:34:13","2020-08-27 14:34:13","2020-08-27 14:34:13","2020-08-27 14:34:13","2020-08-27 14:34:14","2020-08-27 14:34:14","2020-08-27 14:34:14","2020-08-27 14:34:14","2020-08-27 14:34:14","2020-08-27 14:34:14","2020-08-27 14:34:14","2020-08-27 14:34:14","2020-08-27 14:34:14","2020-08-27 14:34:14","2020-08-27 14:34:14","2020-08-27 14:34:14","2020-08-27 14:34:14","2020-08-27 14:34:14","2020-08-27 14:34:14","2020-08-27 14:34:14","2020-08-27 14:34:14","2020-08-27 14:34:14","2020-08-27 14:34:14","2020-08-27 14:34:14","2020-08-27 14:34:14","2020-08-27 14:34:14","2020-08-27 14:34:14","2020-08-27 14:34:14","2020-08-27 14:34:14","2020-08-27 14:34:14","2020-08-27 14:34:14","2020-08-27 14:34:14","2020-08-27 14:34:14","2020-08-27 14:34:14","2020-08-27 14:34:14","2020-08-27 14:34:14","2020-08-27 14:34:14","2020-08-27 14:34:14","2020-08-27 14:34:14","2020-08-27 14:34:14","2020-08-27 14:34:14","2020-08-27 14:34:14","2020-08-27 14:34:14","2020-08-27 14:34:14","2020-08-27 14:34:14","2020-08-27 14:34:14","2020-08-27 14:34:14","2020-08-27 14:34:14","2020-08-27 14:34:14","2020-08-27 14:34:14","2020-08-27 14:34:14","2020-08-27 14:34:14","2020-08-27 14:34:14","2020-08-27 14:34:14","2020-08-27 14:34:14","2020-08-27 14:34:14","2020-08-27 14:34:14","2020-08-27 14:34:14","2020-08-27 14:34:14","2020-08-27 14:34:14","2020-08-27 14:34:14","2020-08-27 14:34:14","2020-08-27 14:34:14","2020-08-27 14:34:14","2020-08-27 14:34:14","2020-08-27 14:34:14","2020-08-27 14:34:14","2020-08-27 14:34:14","2020-08-27 14:34:14","2020-08-27 14:34:14","2020-08-27 14:34:14","2020-08-27 14:34:14","2020-08-27 14:34:14","2020-08-27 14:34:14","2020-08-27 14:34:14","2020-08-27 14:34:14","2020-08-27 14:34:14","2020-08-27 14:34:14","2020-08-27 14:34:14","2020-08-27 14:34:14","2020-08-27 14:34:14","2020-08-27 14:34:15","2020-08-27 14:34:15","2020-08-27 14:34:15","2020-08-27 14:34:15","2020-08-27 14:34:15","2020-08-27 14:34:15","2020-08-27 14:34:15","2020-08-27 14:34:15","2020-08-27 14:34:15","2020-08-27 14:34:15","2020-08-27 14:34:15","2020-08-27 14:34:15","2020-08-27 14:34:15","2020-08-27 14:34:15","2020-08-27 14:34:15","2020-08-27 14:34:15","2020-08-27 14:34:15","2020-08-27 14:34:15","2020-08-27 14:34:15","2020-08-27 14:34:15","2020-08-27 14:34:15","2020-08-27 14:34:15","2020-08-27 14:34:15","2020-08-27 14:34:15","2020-08-27 14:34:15","2020-08-27 14:34:15","2020-08-27 14:34:15","2020-08-27 14:34:15","2020-08-27 14:34:15","2020-08-27 14:34:15","2020-08-27 14:34:15","2020-08-27 14:34:15","2020-08-27 14:34:15","2020-08-27 14:34:15","2020-08-27 14:34:15","2020-08-27 14:34:15","2020-08-27 14:34:15","2020-08-27 14:34:15","2020-08-27 14:34:15","2020-08-27 14:34:15","2020-08-27 14:34:15","2020-08-27 14:34:15","2020-08-27 14:34:15","2020-08-27 14:34:15","2020-08-27 14:34:15","2020-08-27 14:34:15","2020-08-27 14:34:15","2020-08-27 14:34:15","2020-08-27 14:34:15","2020-08-27 14:34:15","2020-08-27 14:34:15","2020-08-27 14:34:15","2020-08-27 14:34:15","2020-08-27 14:34:15","2020-08-27 14:34:15","2020-08-27 14:34:15","2020-08-27 14:34:15","2020-08-27 14:34:15","2020-08-27 14:34:15","2020-08-27 14:34:19","2020-08-27 14:34:23","2020-08-27 14:34:24"],[" 0.040 sec"," 0.156 sec"," 0.198 sec"," 0.241 sec"," 0.275 sec"," 0.307 sec"," 0.336 sec"," 0.364 sec"," 0.392 sec"," 0.420 sec"," 0.448 sec"," 0.478 sec"," 0.494 sec"," 0.524 sec"," 0.537 sec"," 0.553 sec"," 0.568 sec"," 0.583 sec"," 0.598 sec"," 0.613 sec"," 0.629 sec"," 0.644 sec"," 0.657 sec"," 0.671 sec"," 0.685 sec"," 0.699 sec"," 0.713 sec"," 0.728 sec"," 0.743 sec"," 0.758 sec"," 0.771 sec"," 0.785 sec"," 0.799 sec"," 0.810 sec"," 0.822 sec"," 0.834 sec"," 0.845 sec"," 0.857 sec"," 0.867 sec"," 0.879 sec"," 0.891 sec"," 0.902 sec"," 0.913 sec"," 0.922 sec"," 0.932 sec"," 0.941 sec"," 0.952 sec"," 0.962 sec"," 0.970 sec"," 0.970 sec"," 0.997 sec"," 1.008 sec"," 1.016 sec"," 1.025 sec"," 1.035 sec"," 1.045 sec"," 1.055 sec"," 1.065 sec"," 1.074 sec"," 1.083 sec"," 1.093 sec"," 1.102 sec"," 1.113 sec"," 1.124 sec"," 1.135 sec"," 1.145 sec"," 1.156 sec"," 1.167 sec"," 1.176 sec"," 1.187 sec"," 1.195 sec"," 1.206 sec"," 1.214 sec"," 1.224 sec"," 1.234 sec"," 1.244 sec"," 1.253 sec"," 1.263 sec"," 1.272 sec"," 1.281 sec"," 1.289 sec"," 1.299 sec"," 1.308 sec"," 1.318 sec"," 1.333 sec"," 1.343 sec"," 1.353 sec"," 1.364 sec"," 1.374 sec"," 1.385 sec"," 1.396 sec"," 1.405 sec"," 1.416 sec"," 1.426 sec"," 1.435 sec"," 1.446 sec"," 1.457 sec"," 1.469 sec"," 1.479 sec"," 1.490 sec"," 1.501 sec"," 1.511 sec"," 1.522 sec"," 1.535 sec"," 1.549 sec"," 1.563 sec"," 1.576 sec"," 1.591 sec"," 1.607 sec"," 1.649 sec"," 1.660 sec"," 1.672 sec"," 1.684 sec"," 1.696 sec"," 1.708 sec"," 1.718 sec"," 1.729 sec"," 1.741 sec"," 1.756 sec"," 1.767 sec"," 1.778 sec"," 1.788 sec"," 1.797 sec"," 1.807 sec"," 1.816 sec"," 1.826 sec"," 1.836 sec"," 1.847 sec"," 1.857 sec"," 1.868 sec"," 1.878 sec"," 1.888 sec"," 1.899 sec"," 1.909 sec"," 1.919 sec"," 1.930 sec"," 1.940 sec"," 1.952 sec"," 1.967 sec"," 1.982 sec"," 1.995 sec"," 2.007 sec"," 2.018 sec"," 2.029 sec"," 2.041 sec"," 2.052 sec"," 2.062 sec"," 2.073 sec"," 2.082 sec"," 2.095 sec"," 2.106 sec"," 2.117 sec"," 2.128 sec"," 2.140 sec"," 2.151 sec"," 2.163 sec"," 2.175 sec"," 2.187 sec"," 2.199 sec"," 2.210 sec"," 2.222 sec"," 2.234 sec"," 2.245 sec"," 2.257 sec"," 2.269 sec"," 2.279 sec"," 2.291 sec"," 2.302 sec"," 2.314 sec"," 2.325 sec"," 2.338 sec"," 2.350 sec"," 2.362 sec"," 2.374 sec"," 2.388 sec"," 2.400 sec"," 2.412 sec"," 2.424 sec"," 2.445 sec"," 2.458 sec"," 2.470 sec"," 2.483 sec"," 2.496 sec"," 2.508 sec"," 2.522 sec"," 2.535 sec"," 2.548 sec"," 2.560 sec"," 2.574 sec"," 2.588 sec"," 2.601 sec"," 2.614 sec"," 2.628 sec"," 2.641 sec"," 2.655 sec"," 2.669 sec"," 2.682 sec"," 2.697 sec"," 2.709 sec"," 2.724 sec"," 2.739 sec"," 2.752 sec"," 2.764 sec"," 2.777 sec"," 2.788 sec"," 2.801 sec"," 2.821 sec"," 2.833 sec"," 2.845 sec"," 2.856 sec"," 2.868 sec"," 2.881 sec"," 2.895 sec"," 2.906 sec"," 2.918 sec"," 2.929 sec"," 2.940 sec"," 2.953 sec"," 2.965 sec"," 2.999 sec"," 3.012 sec"," 3.024 sec"," 3.036 sec"," 3.048 sec"," 3.061 sec"," 3.073 sec"," 3.086 sec"," 3.099 sec"," 3.112 sec"," 3.124 sec"," 3.137 sec"," 3.149 sec"," 3.162 sec"," 3.174 sec"," 3.186 sec"," 3.199 sec"," 3.212 sec"," 3.225 sec"," 3.242 sec"," 3.256 sec"," 3.269 sec"," 3.282 sec"," 3.295 sec"," 3.308 sec"," 3.321 sec"," 3.335 sec"," 3.348 sec"," 3.361 sec"," 3.377 sec"," 3.391 sec"," 3.404 sec"," 3.417 sec"," 3.430 sec"," 3.442 sec"," 3.457 sec"," 3.471 sec"," 3.485 sec"," 3.499 sec"," 3.514 sec"," 3.528 sec"," 3.542 sec"," 3.558 sec"," 3.574 sec"," 3.588 sec"," 3.602 sec"," 3.615 sec"," 3.629 sec"," 3.642 sec"," 3.656 sec"," 3.670 sec"," 3.701 sec"," 3.714 sec"," 3.728 sec"," 3.743 sec"," 3.757 sec"," 3.769 sec"," 3.782 sec"," 3.795 sec"," 3.807 sec"," 3.821 sec"," 3.833 sec"," 3.846 sec"," 3.860 sec"," 3.873 sec"," 3.886 sec"," 3.906 sec"," 3.924 sec"," 3.941 sec"," 3.953 sec"," 3.965 sec"," 3.967 sec"," 3.990 sec"," 4.002 sec"," 4.014 sec"," 4.027 sec"," 4.039 sec"," 8.055 sec","12.063 sec","12.253 sec"],[0,1,2,3,4,5,6,7,8,9,10,11,12,13,14,15,16,17,18,19,20,21,22,23,24,25,26,27,28,29,30,31,32,33,34,35,36,37,38,39,40,41,42,43,44,45,46,47,48,49,50,51,52,53,54,55,56,57,58,59,60,61,62,63,64,65,66,67,68,69,70,71,72,73,74,75,76,77,78,79,80,81,82,83,84,85,86,87,88,89,90,91,92,93,94,95,96,97,98,99,100,101,102,103,104,105,106,107,108,109,110,111,112,113,114,115,116,117,118,119,120,121,122,123,124,125,126,127,128,129,130,131,132,133,134,135,136,137,138,139,140,141,142,143,144,145,146,147,148,149,150,151,152,153,154,155,156,157,158,159,160,161,162,163,164,165,166,167,168,169,170,171,172,173,174,175,176,177,178,179,180,181,182,183,184,185,186,187,188,189,190,191,192,193,194,195,196,197,198,199,200,201,202,203,204,205,206,207,208,209,210,211,212,213,214,215,216,217,218,219,220,221,222,223,224,225,226,227,228,229,230,231,232,233,234,235,236,237,238,239,240,241,242,243,244,245,246,247,248,249,250,251,252,253,254,255,256,257,258,259,260,261,262,263,264,265,266,267,268,269,270,271,272,273,274,275,276,277,278,279,280,281,282,283,284,285,286,287,288,289,290,291,292,293,294,295,572,982,1000],["NaN",14.779027513410625,14.047540468332548,14.347726682255127,14.107830918626991,14.10151349948079,13.446944444444444,13.617257825248476,13.705732087227418,13.814564790090486,13.719872422489246,13.835393392087312,13.792607185562785,13.834600409109754,13.935913947596195,13.85437873998622,13.866685350172506,13.81761428839013,13.83130456072698,13.882239400327926,13.875240328989136,13.902635724128341,13.999014213719555,14.003956308103785,13.885226827879361,13.823973678807423,13.785952482616006,13.793059306465606,13.782144003593315,13.80929939638514,13.84355690394648,13.81375306298131,13.832645909342046,13.890806639082681,13.89591500500571,13.838241479788962,13.852709061212025,13.877757047840303,13.854339846675378,13.831491535399861,13.836790969216814,13.83600399435777,13.790829520925515,13.775731497859844,13.735450711932303,13.757351792819959,13.742599485669054,13.740335277608498,13.734423754867352,13.738397779164723,13.709673457234311,13.707357800553988,13.732250409735867,13.72496711276322,13.73267662483269,13.712507342743688,13.668570996490448,13.65929073750142,13.663068046671055,13.692316594667862,13.721057826055997,13.725831286437224,13.72488920788189,13.700647172836094,13.660936650550354,13.651729510864547,13.656179866935389,13.631567470594314,13.643919777413055,13.654307820515397,13.687413068479085,13.666801226187596,13.680798314989408,13.676693096120555,13.660160249897844,13.657182936936454,13.680667834041241,13.678269880038782,13.681973101027555,13.694312464648974,13.724475103874145,13.70557079278319,13.718278988895841,13.719275643847613,13.710893029509162,13.687247003144659,13.668976570726448,13.657264458751772,13.665460679431561,13.669260423210751,13.66277359892674,13.656620611319989,13.652429446746769,13.676796928731491,13.67620944059565,13.658879876189166,13.665864359983859,13.650448989418221,13.639615545329717,13.646160975047566,13.643450136497059,13.65879389461989,13.657104344153511,13.654672177075994,13.642880589081214,13.660177122586079,13.655454100746702,13.650877280440552,13.666426158424862,13.64672041847294,13.650232635742624,13.644570950411916,13.64215735489332,13.63236926040397,13.621546370304564,13.621511989404917,13.625644153233054,13.633901789706796,13.6129734136646,13.602462410924723,13.592523209788249,13.579879224839447,13.589989811548666,13.587916297255687,13.594377815807695,13.586611297622897,13.58676718732383,13.577530931919291,13.574841447257784,13.568458790129371,13.560183081868209,13.563747483234042,13.565559532966025,13.571978460010143,13.586142558649172,13.593043901509777,13.587993443049152,13.583984930122865,13.583827657436276,13.575360823298617,13.567557332926768,13.57302436432803,13.569648939412671,13.568691912346655,13.557901148371098,13.538096148025343,13.521561248216647,13.518353689373749,13.525875600379694,13.536182956032725,13.53847190975586,13.53201773568022,13.523411277239038,13.517331056566874,13.51113675897121,13.497655225456972,13.503788887994583,13.499534322604882,13.502857632711564,13.513910774004742,13.511003408367388,13.509706903415594,13.508386420176732,13.510297247613153,13.51426472954456,13.526748725046756,13.532560233917028,13.537349468058197,13.532283464322063,13.531004247444105,13.53041511685201,13.532351897485269,13.534968344389537,13.528969119240468,13.533130493384611,13.530903934194058,13.526647607185017,13.53573955811149,13.528661754746956,13.524648012143283,13.525263262391494,13.523494221508638,13.524153461750211,13.528255595635406,13.525498774632807,13.519136877380843,13.51564947798351,13.51495301792058,13.515825070649955,13.509874074960747,13.504963134663996,13.502285257711163,13.506022827093355,13.501291459071185,13.502798083326146,13.501403184973347,13.503337664108003,13.499439422829946,13.506236173559566,13.501748489385683,13.495633027758776,13.496355456680673,13.50631201846698,13.506466495028016,13.512636747159005,13.502749234531315,13.5041194360164,13.505686379753303,13.501503346886215,13.509116866728816,13.500229716798572,13.496627971493739,13.503960122036142,13.500422985123869,13.503385458510932,13.496189539069599,13.488851216816109,13.47664004597941,13.473173428967923,13.471323177108125,13.468485067368173,13.466493134052351,13.468173288876702,13.466780501668072,13.46492369997765,13.469509579198103,13.471799971017541,13.473325291643913,13.46363012821029,13.464106100489833,13.461083619389278,13.458344872809825,13.459599727201995,13.466358965385606,13.462663241980861,13.457983431586397,13.460017464935323,13.457091597549745,13.4431264817477,13.44220092883329,13.44342143462415,13.441821061823372,13.441006701343786,13.439254663404334,13.439245201117133,13.443782893587516,13.445839073016566,13.445388618627574,13.447445750044949,13.446723752495434,13.45456077175376,13.457274598610336,13.453543290562372,13.454906761607097,13.458646364158497,13.470674650853947,13.464836557986407,13.464566750009963,13.460088507097502,13.463892777753045,13.466729343459493,13.46880231092951,13.468292905148077,13.46701307883006,13.459129306308572,13.4580968474447,13.457158227009275,13.461868164337117,13.465357998013651,13.460522214590497,13.459170830032136,13.460306277554805,13.45921000527155,13.456713423868594,13.454308501406532,13.462657442615722,13.463070622031521,13.462525091942368,13.463913751545864,13.456983196920499,13.454569898362582,13.458776641054591,13.456985323571327,13.45847057686333,13.463117567250109,13.46379859059962,13.463958971367607,13.456918107374745,13.453696365563463,13.457768645655038,13.452106251543649,13.451641829065997,13.45657086418851,13.457733741030607,13.457351641699185,13.461138247220044,13.44073640471151,13.427202205434558,13.425099647313802],["NaN",0.22215644666259945,0.3195135181720931,0.3034091294181434,0.3106139099284453,0.3180835389947542,0.3621557971014494,0.3554641058798174,0.35591717060656125,0.34315380065577594,0.3567653768588348,0.34853173427631595,0.3654310746973496,0.3649467102259413,0.3580666905740067,0.35600149018788213,0.3542927266255021,0.35696949630068786,0.3539866073342862,0.3512315744298153,0.3524138660424212,0.3488310848463977,0.3450053395511703,0.3441359665063834,0.34633692979675135,0.3515688262957683,0.3494937957588598,0.349834825133057,0.349620171897183,0.3459473725845418,0.3427413385084245,0.34344796138400785,0.34219235881289484,0.33745400193674774,0.33580880868543334,0.3413230964147731,0.33716434590732924,0.33494903628284645,0.3373806724748814,0.3385211252132235,0.3365542581856875,0.33567031299383476,0.3368176975676455,0.33756978460260695,0.33644121051177706,0.3362950143875027,0.33714350100185975,0.33860542764888324,0.34027435638357767,0.34267796660076216,0.34634040671145105,0.3466362720828663,0.3454734403996391,0.3461023240313998,0.3465733450315003,0.3451644193390651,0.3484841072567325,0.34808083809588325,0.3479581937106887,0.346852510199511,0.34455433226329335,0.34434266298631844,0.34453556349230735,0.34717279013771424,0.3468085715171081,0.3454558914848667,0.3449425936832403,0.34411730836402643,0.34344645671177176,0.34219850196091334,0.33969404831777306,0.34207789185927306,0.3419566513666628,0.3437883668473368,0.344135796034457,0.34431590707506315,0.34376836318021525,0.34344903214743167,0.34365718083396807,0.3426021144225854,0.3411931332942855,0.34152432273377514,0.34105825807096085,0.3411305404875197,0.34189757790123076,0.34315861300483835,0.34490194041703676,0.3464821214369049,0.3460407079917878,0.34594429929268306,0.346809673745229,0.3470873400078798,0.34784191037979245,0.3458981890672705,0.34551066608803793,0.346875123482465,0.3464732237294714,0.3472042180929287,0.3483500935385723,0.3484846731114871,0.3492784527558335,0.3485009451854928,0.3482094729761285,0.3482249409264883,0.34964587820399834,0.3489541336972886,0.3477964950995564,0.34844904056312404,0.3478726373258142,0.34807677818247945,0.3479382652165642,0.3488898786816726,0.34849635767613274,0.34951365441229243,0.35149471542428584,0.35178642302050184,0.35132996134228084,0.35079571643168284,0.35183054080615084,0.35125808752291027,0.3499677549330545,0.34999068067500116,0.3493524867893533,0.34981327109378035,0.34902601699460556,0.34969251623664593,0.34977842177023594,0.3507487487916423,0.3500970340461558,0.34938743120300914,0.34860944314622366,0.3488555132234041,0.34905498704852195,0.3481201893567556,0.34738795484523755,0.34661937003033444,0.34747071943448565,0.3487968344390228,0.34890570543586874,0.3491692223425589,0.349655843823354,0.34935317313427505,0.3498762754267911,0.35039767478732264,0.3510975810327722,0.34803452995247325,0.3491958015905227,0.3493769384233944,0.34963774138222703,0.34918950101290086,0.3498178848411698,0.3503975240918019,0.3487804987164152,0.34920210064988794,0.349320335791755,0.3517776161101821,0.35143010146047754,0.3515712110406778,0.35093694047424884,0.35071710346538215,0.35071205118465115,0.3507516935491684,0.35095367073933814,0.3513929925800713,0.3518323936618647,0.35147507197813505,0.3509781645141597,0.3508691934607089,0.3504968584004828,0.3511453629582924,0.35086400267793916,0.3511145076085149,0.35085579515732723,0.35010207382072767,0.34958983594858745,0.34970093391724705,0.350845256995558,0.3504072316949272,0.35145516125417686,0.3518346448227997,0.35201504840506814,0.3525133057673491,0.35254127182505546,0.3524562529287762,0.3530177755094711,0.35412552128233044,0.3543098199185154,0.3544283737742496,0.3542910002819358,0.35465800149587007,0.35410778381861424,0.3533760231604677,0.3533116058566758,0.3542788750572762,0.3542377610968051,0.35494923211633667,0.35449407549483686,0.3552502571276798,0.35481123322184294,0.3552315899524377,0.35614284449527184,0.3558867599289821,0.3553407740086738,0.3556726182947477,0.35527309498168597,0.35631962664296307,0.35604149449141326,0.3561083790307928,0.3565992537727543,0.3559626813641336,0.35692451003252257,0.3571168528433147,0.3568749404005362,0.35683896744226734,0.3564248057532459,0.3568848195883476,0.35725781398693096,0.3582349915071299,0.3586884120884124,0.3586326117256049,0.35858211512210775,0.3586603327909343,0.35870658580849313,0.35897783409190726,0.3591890323361893,0.3581509326821073,0.35826745235064794,0.3584379579963693,0.3571450067472555,0.3572832157140457,0.3574487669049124,0.35750234925718544,0.35735272890029884,0.3574772430321328,0.3573757273629831,0.3581152057862708,0.3579290932189598,0.3581989049253155,0.35630612225680897,0.3563301143950393,0.3561061144197472,0.3563124033612604,0.35676693648995556,0.3568730467542068,0.35684979302877773,0.35635936660735557,0.35605538100691525,0.3564740039672344,0.3562768333798541,0.35618029334185614,0.3561898537274653,0.3558382272656648,0.3557962031700833,0.3556523973399898,0.3557479065063427,0.35481357840657496,0.3560260258271957,0.35546110492415983,0.3556666182879297,0.3554430737788489,0.35529103556775,0.35580159227521924,0.35579361621387806,0.3557428298386962,0.3564822748833627,0.35587369558924936,0.3560991397257756,0.35570748755462794,0.3555051246982442,0.3553866017823167,0.3553490070935135,0.355516516184179,0.3557505788866307,0.35608703204656594,0.35641551163687174,0.35604335752573385,0.3563518789059789,0.3568245254028243,0.35686603916651083,0.3565741535349745,0.35653979588848617,0.35656217401467766,0.3569330193831502,0.3567790700726713,0.35713622640401455,0.3573184283391746,0.3577232634801095,0.35747785056565917,0.3577639862497349,0.3575076764539067,0.35671173425226643,0.35564507103370724,0.35551397085316216,0.355751973031266,0.3559226683566569,0.3556922848310009,0.35269368349042246,0.35072051327817894,0.35025997866059155]]},"reproducibility_information_table":[{"__meta":{"schema_version":3,"schema_name":"TwoDimTableV3","schema_type":"TwoDimTable"},"name":"Node Information","description":"","columns":[{"__meta":{"schema_version":-1,"schema_name":"ColumnSpecsBase","schema_type":"Iced"},"name":"","type":"string","format":"%s","description":""},{"__meta":{"schema_version":-1,"schema_name":"ColumnSpecsBase","schema_type":"Iced"},"name":"node","type":"int","format":"%d","description":"node"},{"__meta":{"schema_version":-1,"schema_name":"ColumnSpecsBase","schema_type":"Iced"},"name":"h2o","type":"string","format":"%s","description":"h2o"},{"__meta":{"schema_version":-1,"schema_name":"ColumnSpecsBase","schema_type":"Iced"},"name":"healthy","type":"string","format":"%s","description":"healthy"},{"__meta":{"schema_version":-1,"schema_name":"ColumnSpecsBase","schema_type":"Iced"},"name":"last_ping","type":"string","format":"%s","description":"last_ping"},{"__meta":{"schema_version":-1,"schema_name":"ColumnSpecsBase","schema_type":"Iced"},"name":"num_cpus","type":"int","format":"%d","description":"num_cpus"},{"__meta":{"schema_version":-1,"schema_name":"ColumnSpecsBase","schema_type":"Iced"},"name":"sys_load","type":"double","format":"%.5f","description":"sys_load"},{"__meta":{"schema_version":-1,"schema_name":"ColumnSpecsBase","schema_type":"Iced"},"name":"mem_value_size","type":"long","format":"%d","description":"mem_value_size"},{"__meta":{"schema_version":-1,"schema_name":"ColumnSpecsBase","schema_type":"Iced"},"name":"free_mem","type":"long","format":"%d","description":"free_mem"},{"__meta":{"schema_version":-1,"schema_name":"ColumnSpecsBase","schema_type":"Iced"},"name":"pojo_mem","type":"long","format":"%d","description":"pojo_mem"},{"__meta":{"schema_version":-1,"schema_name":"ColumnSpecsBase","schema_type":"Iced"},"name":"swap_mem","type":"long","format":"%d","description":"swap_mem"},{"__meta":{"schema_version":-1,"schema_name":"ColumnSpecsBase","schema_type":"Iced"},"name":"free_disc","type":"long","format":"%d","description":"free_disc"},{"__meta":{"schema_version":-1,"schema_name":"ColumnSpecsBase","schema_type":"Iced"},"name":"max_disc","type":"long","format":"%d","description":"max_disc"},{"__meta":{"schema_version":-1,"schema_name":"ColumnSpecsBase","schema_type":"Iced"},"name":"pid","type":"int","format":"%d","description":"pid"},{"__meta":{"schema_version":-1,"schema_name":"ColumnSpecsBase","schema_type":"Iced"},"name":"num_keys","type":"int","format":"%d","description":"num_keys"},{"__meta":{"schema_version":-1,"schema_name":"ColumnSpecsBase","schema_type":"Iced"},"name":"tcps_active","type":"string","format":"%s","description":"tcps_active"},{"__meta":{"schema_version":-1,"schema_name":"ColumnSpecsBase","schema_type":"Iced"},"name":"open_fds","type":"int","format":"%d","description":"open_fds"},{"__meta":{"schema_version":-1,"schema_name":"ColumnSpecsBase","schema_type":"Iced"},"name":"rpcs_active","type":"string","format":"%s","description":"rpcs_active"},{"__meta":{"schema_version":-1,"schema_name":"ColumnSpecsBase","schema_type":"Iced"},"name":"nthreads","type":"int","format":"%d","description":"nthreads"},{"__meta":{"schema_version":-1,"schema_name":"ColumnSpecsBase","schema_type":"Iced"},"name":"is_leader","type":"string","format":"%s","description":"is_leader"},{"__meta":{"schema_version":-1,"schema_name":"ColumnSpecsBase","schema_type":"Iced"},"name":"total_mem","type":"long","format":"%d","description":"total_mem"},{"__meta":{"schema_version":-1,"schema_name":"ColumnSpecsBase","schema_type":"Iced"},"name":"max_mem","type":"long","format":"%d","description":"max_mem"},{"__meta":{"schema_version":-1,"schema_name":"ColumnSpecsBase","schema_type":"Iced"},"name":"java_version","type":"string","format":"%s","description":"java_version"},{"__meta":{"schema_version":-1,"schema_name":"ColumnSpecsBase","schema_type":"Iced"},"name":"jvm_launch_parameters","type":"string","format":"%s","description":"jvm_launch_parameters"},{"__meta":{"schema_version":-1,"schema_name":"ColumnSpecsBase","schema_type":"Iced"},"name":"os_version","type":"string","format":"%s","description":"os_version"},{"__meta":{"schema_version":-1,"schema_name":"ColumnSpecsBase","schema_type":"Iced"},"name":"machine_physical_mem","type":"long","format":"%d","description":"machine_physical_mem"},{"__meta":{"schema_version":-1,"schema_name":"ColumnSpecsBase","schema_type":"Iced"},"name":"machine_locale","type":"string","format":"%s","description":"machine_locale"}],"rowcount":1,"data":[[""],[0],["127.0.0.1:54321"],["true"],["1598553250864"],[8],[0.022616124],[124254919],[10986302792],[343037937],[0],[11046748160],[214378217472],[12904],[27748],["\u0000"],[-1],["\u0000"],[8],["true"],[1578631168],[11453595648],["Java 1.8.0_161 (from Oracle Corporation)"],["[-ea]"],["Windows Server 2016 10.0 (amd64)"],[51539054592],["en_US"]]},{"__meta":{"schema_version":3,"schema_name":"TwoDimTableV3","schema_type":"TwoDimTable"},"name":"Cluster Configuration","description":"","columns":[{"__meta":{"schema_version":-1,"schema_name":"ColumnSpecsBase","schema_type":"Iced"},"name":"","type":"string","format":"%s","description":""},{"__meta":{"schema_version":-1,"schema_name":"ColumnSpecsBase","schema_type":"Iced"},"name":"h2o_cluster_uptime","type":"long","format":"%d","description":"H2O cluster uptime"},{"__meta":{"schema_version":-1,"schema_name":"ColumnSpecsBase","schema_type":"Iced"},"name":"h2o_cluster_timezone","type":"string","format":"%s","description":"H2O cluster timezone"},{"__meta":{"schema_version":-1,"schema_name":"ColumnSpecsBase","schema_type":"Iced"},"name":"h2o_data_parsing_timezone","type":"string","format":"%s","description":"H2O data parsing timezone"},{"__meta":{"schema_version":-1,"schema_name":"ColumnSpecsBase","schema_type":"Iced"},"name":"h2o_cluster_version","type":"string","format":"%s","description":"H2O cluster version"},{"__meta":{"schema_version":-1,"schema_name":"ColumnSpecsBase","schema_type":"Iced"},"name":"h2o_cluster_version_age","type":"string","format":"%s","description":"H2O cluster version age"},{"__meta":{"schema_version":-1,"schema_name":"ColumnSpecsBase","schema_type":"Iced"},"name":"h2o_cluster_name","type":"string","format":"%s","description":"H2O cluster name"},{"__meta":{"schema_version":-1,"schema_name":"ColumnSpecsBase","schema_type":"Iced"},"name":"h2o_cluster_total_nodes","type":"int","format":"%d","description":"H2O cluster total nodes"},{"__meta":{"schema_version":-1,"schema_name":"ColumnSpecsBase","schema_type":"Iced"},"name":"h2o_cluster_free_memory","type":"long","format":"%d","description":"H2O cluster free memory"},{"__meta":{"schema_version":-1,"schema_name":"ColumnSpecsBase","schema_type":"Iced"},"name":"h2o_cluster_total_cores","type":"int","format":"%d","description":"H2O cluster total cores"},{"__meta":{"schema_version":-1,"schema_name":"ColumnSpecsBase","schema_type":"Iced"},"name":"h2o_cluster_allowed_cores","type":"int","format":"%d","description":"H2O cluster allowed cores"},{"__meta":{"schema_version":-1,"schema_name":"ColumnSpecsBase","schema_type":"Iced"},"name":"h2o_cluster_status","type":"string","format":"%s","description":"H2O cluster status"},{"__meta":{"schema_version":-1,"schema_name":"ColumnSpecsBase","schema_type":"Iced"},"name":"h2o_internal_security","type":"string","format":"%s","description":"H2O internal security"},{"__meta":{"schema_version":-1,"schema_name":"ColumnSpecsBase","schema_type":"Iced"},"name":"h2o_api_extensions","type":"string","format":"%s","description":"H2O API Extensions"}],"rowcount":1,"data":[[""],[76474315],["America/New_York"],["UTC"],["3.30.1.1"],["17 days"],["H2O_started_from_R_kdpsingh_gbi536"],[1],[10986302792],[8],[8],["locked, healthly"],["false"],["Amazon S3, Algos, AutoML, Core V3, TargetEncoder, Core V4"]]},{"__meta":{"schema_version":3,"schema_name":"TwoDimTableV3","schema_type":"TwoDimTable"},"name":"Input Frames Information","description":"","columns":[{"__meta":{"schema_version":-1,"schema_name":"ColumnSpecsBase","schema_type":"Iced"},"name":"","type":"string","format":"%s","description":""},{"__meta":{"schema_version":-1,"schema_name":"ColumnSpecsBase","schema_type":"Iced"},"name":"input_frame","type":"string","format":"%s","description":"Input Frame"},{"__meta":{"schema_version":-1,"schema_name":"ColumnSpecsBase","schema_type":"Iced"},"name":"checksum","type":"long","format":"%d","description":"Checksum"},{"__meta":{"schema_version":-1,"schema_name":"ColumnSpecsBase","schema_type":"Iced"},"name":"espc","type":"string","format":"%d","description":"ESPC"}],"rowcount":3,"data":[["","",""],["training_frame","validation_frame","calibration_frame"],[7410158351491694492,-1,-1],["[0, 918, 1835, 2752, 3669, 4586, 5503, 6420]","-1","-1"]]}],"training_metrics":{"__meta":{"schema_version":3,"schema_name":"ModelMetricsAnomalyV3","schema_type":"ModelMetricsAnomaly"},"model":{"__meta":{"schema_version":3,"schema_name":"ModelKeyV3","schema_type":"Key<Model>"},"name":"IsolationForest_model_R_1598476777072_146","type":"Key<Model>","URL":"/3/Models/IsolationForest_model_R_1598476777072_146"},"model_checksum":-6953576333970734880,"frame":{"__meta":{"schema_version":3,"schema_name":"FrameKeyV3","schema_type":"Key<Frame>"},"name":"complete_data_selectedvars_sid_96c3_1","type":"Key<Frame>","URL":"/3/Frames/complete_data_selectedvars_sid_96c3_1"},"frame_checksum":3810371706709690748,"description":"Metrics reported on Out-Of-Bag training samples","model_category":"AnomalyDetection","scoring_time":1598553264041,"predictions":null,"MSE":"NaN","RMSE":"NaN","nobs":6419,"custom_metric_name":null,"custom_metric_value":0.0,"mean_score":13.425099647313802,"mean_normalized_score":0.35025997866059155},"validation_metrics":null,"cross_validation_metrics":null,"cross_validation_metrics_summary":null,"status":null,"start_time":1598553251825,"end_time":1598553264051,"run_time":12226,"default_threshold":-1.0,"help":{"domains":"Domains for categorical columns", "__meta":"Metadata on this schema instance, to make it self-describing.", "help":"Help information for output fields", "training_metrics":"Training data model metrics", "cross_validation_models":"Cross-validation models (model ids)", "cross_validation_predictions":"Cross-validation predictions, one per cv model (deprecated, use cross_validation_holdout_predictions_frame_id instead)", "cross_validation_metrics_summary":"Cross-validation model metrics summary", "status":"Job status", "reproducibility_information_table":"Model reproducibility information", "variable_importances":"Variable Importances", "model_summary":"Model summary", "end_time":"End time in milliseconds", "names":"Column names", "cross_validation_fold_assignment_frame_id":"Cross-validation fold assignment (each row is assigned to one holdout fold)", "run_time":"Runtime in milliseconds", "default_threshold":"Default threshold used for predictions", "scoring_history":"Scoring history", "cross_validation_holdout_predictions_frame_id":"Cross-validation holdout predictions (full out-of-sample predictions on training data)", "init_f":"The Intercept term, the initial model function value to which trees make adjustments", "model_category":"Category of the model (e.g., Binomial)", "column_types":"Column types", "original_names":"Original column names", "start_time":"Start time in milliseconds", "cross_validation_metrics":"Cross-validation model metrics", "variable_splits":"Variable Splits", "validation_metrics":"Validation data model metrics"},"variable_importances":null,"init_f":0.0,"variable_splits":{"__meta":{"schema_version":3,"schema_name":"TwoDimTableV3","schema_type":"TwoDimTable"},"name":"Variable Splits","description":"","columns":[{"__meta":{"schema_version":-1,"schema_name":"ColumnSpecsBase","schema_type":"Iced"},"name":"variable","type":"string","format":"%s","description":"Variable"},{"__meta":{"schema_version":-1,"schema_name":"ColumnSpecsBase","schema_type":"Iced"},"name":"count","type":"int","format":"%10d","description":"Count"},{"__meta":{"schema_version":-1,"schema_name":"ColumnSpecsBase","schema_type":"Iced"},"name":"aggregated_split_ratios","type":"double","format":"%5f","description":"Aggregated Split Ratios"},{"__meta":{"schema_version":-1,"schema_name":"ColumnSpecsBase","schema_type":"Iced"},"name":"aggregated_split_depths","type":"long","format":"%10d","description":"Aggregated Split Depths"}],"rowcount":10,"data":[["age_rc","psa","bxgs","bxgs1","bxgs2","totcores","poscores","wgt","mi","diab"],[105703,95007,16087,11697,13747,40498,83006,109505,6541,11949],[26082.33203125,29684.443359375,6162.32373046875,4966.7255859375,4483.453125,21296.849609375,24780.70703125,28612.076171875,4548.7705078125,5912.89794921875],[1496603,1356977,172633,120286,143964,527909,1163226,1547912,61355,127763]]}},"compatible_frames":null}
