{"__meta":{"schema_version":3,"schema_name":"DRFModelV3","schema_type":"DRFModel"},"model_id":{"__meta":{"schema_version":3,"schema_name":"ModelKeyV3","schema_type":"Key<Model>"},"name":"DRF_model_R_1598476777072_149","type":"Key<Model>","URL":"/3/Models/DRF_model_R_1598476777072_149"},"algo":"drf","algo_full_name":"Distributed Random Forest","response_column_name":"anom_score","data_frame":{"__meta":{"schema_version":3,"schema_name":"FrameKeyV3","schema_type":"Key<Frame>"},"name":"askmusic_final_sid_96c3_11","type":"Key<Frame>","URL":"/3/Frames/askmusic_final_sid_96c3_11"},"timestamp":1598553832214,"have_pojo":true,"have_mojo":true,"algo":"drf","algo_full_name":"Distributed Random Forest","model_id":{"__meta":{"schema_version":3,"schema_name":"ModelKeyV3","schema_type":"Key<Model>"},"name":"DRF_model_R_1598476777072_149","type":"Key<Model>","URL":"/3/Models/DRF_model_R_1598476777072_149"},"parameters":[{"__meta":{"schema_version":3,"schema_name":"ModelParameterSchemaV3","schema_type":"Iced"},"name":"model_id","label":"model_id","help":"Destination id for this model; auto-generated if not specified.","required":false,"type":"Key<Model>","default_value":null,"actual_value":{"__meta":{"schema_version":3,"schema_name":"ModelKeyV3","schema_type":"Key<Model>"},"name":"DRF_model_R_1598476777072_149","type":"Key<Model>","URL":"/3/Models/DRF_model_R_1598476777072_149"},"input_value":null,"level":"critical","values":[],"is_member_of_frames":[],"is_mutually_exclusive_with":[],"gridable":false},{"__meta":{"schema_version":3,"schema_name":"ModelParameterSchemaV3","schema_type":"Iced"},"name":"training_frame","label":"training_frame","help":"Id of the training data frame.","required":false,"type":"Key<Frame>","default_value":null,"actual_value":{"__meta":{"schema_version":3,"schema_name":"FrameKeyV3","schema_type":"Key<Frame>"},"name":"askmusic_final_sid_96c3_11","type":"Key<Frame>","URL":"/3/Frames/askmusic_final_sid_96c3_11"},"input_value":{"__meta":{"schema_version":3,"schema_name":"FrameKeyV3","schema_type":"Key<Frame>"},"name":"askmusic_final_sid_96c3_11","type":"Key<Frame>","URL":"/3/Frames/askmusic_final_sid_96c3_11"},"level":"critical","values":[],"is_member_of_frames":[],"is_mutually_exclusive_with":[],"gridable":false},{"__meta":{"schema_version":3,"schema_name":"ModelParameterSchemaV3","schema_type":"Iced"},"name":"validation_frame","label":"validation_frame","help":"Id of the validation data frame.","required":false,"type":"Key<Frame>","default_value":null,"actual_value":null,"input_value":null,"level":"critical","values":[],"is_member_of_frames":[],"is_mutually_exclusive_with":[],"gridable":true},{"__meta":{"schema_version":3,"schema_name":"ModelParameterSchemaV3","schema_type":"Iced"},"name":"nfolds","label":"nfolds","help":"Number of folds for K-fold cross-validation (0 to disable or >= 2).","required":false,"type":"int","default_value":0,"actual_value":0,"input_value":0,"level":"critical","values":[],"is_member_of_frames":[],"is_mutually_exclusive_with":[],"gridable":false},{"__meta":{"schema_version":3,"schema_name":"ModelParameterSchemaV3","schema_type":"Iced"},"name":"keep_cross_validation_models","label":"keep_cross_validation_models","help":"Whether to keep the cross-validation models.","required":false,"type":"boolean","default_value":true,"actual_value":true,"input_value":true,"level":"expert","values":[],"is_member_of_frames":[],"is_mutually_exclusive_with":[],"gridable":false},{"__meta":{"schema_version":3,"schema_name":"ModelParameterSchemaV3","schema_type":"Iced"},"name":"keep_cross_validation_predictions","label":"keep_cross_validation_predictions","help":"Whether to keep the predictions of the cross-validation models.","required":false,"type":"boolean","default_value":false,"actual_value":false,"input_value":false,"level":"expert","values":[],"is_member_of_frames":[],"is_mutually_exclusive_with":[],"gridable":false},{"__meta":{"schema_version":3,"schema_name":"ModelParameterSchemaV3","schema_type":"Iced"},"name":"keep_cross_validation_fold_assignment","label":"keep_cross_validation_fold_assignment","help":"Whether to keep the cross-validation fold assignment.","required":false,"type":"boolean","default_value":false,"actual_value":false,"input_value":false,"level":"expert","values":[],"is_member_of_frames":[],"is_mutually_exclusive_with":[],"gridable":false},{"__meta":{"schema_version":3,"schema_name":"ModelParameterSchemaV3","schema_type":"Iced"},"name":"score_each_iteration","label":"score_each_iteration","help":"Whether to score during each iteration of model training.","required":false,"type":"boolean","default_value":false,"actual_value":false,"input_value":false,"level":"secondary","values":[],"is_member_of_frames":[],"is_mutually_exclusive_with":[],"gridable":false},{"__meta":{"schema_version":3,"schema_name":"ModelParameterSchemaV3","schema_type":"Iced"},"name":"score_tree_interval","label":"score_tree_interval","help":"Score the model after every so many trees. Disabled if set to 0.","required":false,"type":"int","default_value":0,"actual_value":0,"input_value":0,"level":"secondary","values":[],"is_member_of_frames":[],"is_mutually_exclusive_with":[],"gridable":false},{"__meta":{"schema_version":3,"schema_name":"ModelParameterSchemaV3","schema_type":"Iced"},"name":"fold_assignment","label":"fold_assignment","help":"Cross-validation fold assignment scheme, if fold_column is not specified. The 'Stratified' option will stratify the folds based on the response variable, for classification problems.","required":false,"type":"enum","default_value":"AUTO","actual_value":null,"input_value":"AUTO","level":"secondary","values":["AUTO","Random","Modulo","Stratified"],"is_member_of_frames":[],"is_mutually_exclusive_with":[],"gridable":true},{"__meta":{"schema_version":3,"schema_name":"ModelParameterSchemaV3","schema_type":"Iced"},"name":"fold_column","label":"fold_column","help":"Column with cross-validation fold index assignment per observation.","required":false,"type":"VecSpecifier","default_value":null,"actual_value":null,"input_value":null,"level":"secondary","values":[],"is_member_of_frames":["training_frame"],"is_mutually_exclusive_with":["response_column","weights_column","ignored_columns","offset_column"],"gridable":true},{"__meta":{"schema_version":3,"schema_name":"ModelParameterSchemaV3","schema_type":"Iced"},"name":"response_column","label":"response_column","help":"Response variable column.","required":false,"type":"VecSpecifier","default_value":null,"actual_value":{"__meta":{"schema_version":3,"schema_name":"ColSpecifierV3","schema_type":"VecSpecifier"},"column_name":"anom_score","is_member_of_frames":null},"input_value":{"__meta":{"schema_version":3,"schema_name":"ColSpecifierV3","schema_type":"VecSpecifier"},"column_name":"anom_score","is_member_of_frames":null},"level":"critical","values":[],"is_member_of_frames":["training_frame","validation_frame"],"is_mutually_exclusive_with":["weights_column","ignored_columns","offset_column","fold_column"],"gridable":true},{"__meta":{"schema_version":3,"schema_name":"ModelParameterSchemaV3","schema_type":"Iced"},"name":"ignored_columns","label":"ignored_columns","help":"Names of columns to ignore for training.","required":false,"type":"string[]","default_value":null,"actual_value":["mean_length","anomaly","bxdate","practice","primary_tx","age_rc_freq","psa_freq","bxgs_freq","bxgs1_freq","bxgs2_freq","totcores_freq","poscores_freq","wgt_freq","mi_freq","diab_freq","top_freq"],"input_value":["mean_length","anomaly","bxdate","practice","primary_tx","age_rc_freq","psa_freq","bxgs_freq","bxgs1_freq","bxgs2_freq","totcores_freq","poscores_freq","wgt_freq","mi_freq","diab_freq","top_freq"],"level":"critical","values":[],"is_member_of_frames":["training_frame","validation_frame"],"is_mutually_exclusive_with":["response_column","weights_column","offset_column","fold_column"],"gridable":false},{"__meta":{"schema_version":3,"schema_name":"ModelParameterSchemaV3","schema_type":"Iced"},"name":"ignore_const_cols","label":"ignore_const_cols","help":"Ignore constant columns.","required":false,"type":"boolean","default_value":true,"actual_value":true,"input_value":true,"level":"critical","values":[],"is_member_of_frames":[],"is_mutually_exclusive_with":[],"gridable":false},{"__meta":{"schema_version":3,"schema_name":"ModelParameterSchemaV3","schema_type":"Iced"},"name":"offset_column","label":"offset_column","help":"Offset column. This will be added to the combination of columns before applying the link function.","required":false,"type":"VecSpecifier","default_value":null,"actual_value":null,"input_value":null,"level":"secondary","values":[],"is_member_of_frames":["training_frame","validation_frame"],"is_mutually_exclusive_with":["response_column","weights_column","ignored_columns","fold_column"],"gridable":true},{"__meta":{"schema_version":3,"schema_name":"ModelParameterSchemaV3","schema_type":"Iced"},"name":"weights_column","label":"weights_column","help":"Column with observation weights. Giving some observation a weight of zero is equivalent to excluding it from the dataset; giving an observation a relative weight of 2 is equivalent to repeating that row twice. Negative weights are not allowed. Note: Weights are per-row observation weights and do not increase the size of the data frame. This is typically the number of times a row is repeated, but non-integer values are supported as well. During training, rows with higher weights matter more, due to the larger loss function pre-factor.","required":false,"type":"VecSpecifier","default_value":null,"actual_value":null,"input_value":null,"level":"secondary","values":[],"is_member_of_frames":["training_frame","validation_frame"],"is_mutually_exclusive_with":["response_column","ignored_columns","offset_column","fold_column"],"gridable":true},{"__meta":{"schema_version":3,"schema_name":"ModelParameterSchemaV3","schema_type":"Iced"},"name":"balance_classes","label":"balance_classes","help":"Balance training data class counts via over/under-sampling (for imbalanced data).","required":false,"type":"boolean","default_value":false,"actual_value":false,"input_value":false,"level":"secondary","values":[],"is_member_of_frames":[],"is_mutually_exclusive_with":[],"gridable":true},{"__meta":{"schema_version":3,"schema_name":"ModelParameterSchemaV3","schema_type":"Iced"},"name":"class_sampling_factors","label":"class_sampling_factors","help":"Desired over/under-sampling ratios per class (in lexicographic order). If not specified, sampling factors will be automatically computed to obtain class balance during training. Requires balance_classes.","required":false,"type":"float[]","default_value":null,"actual_value":null,"input_value":null,"level":"expert","values":[],"is_member_of_frames":[],"is_mutually_exclusive_with":[],"gridable":true},{"__meta":{"schema_version":3,"schema_name":"ModelParameterSchemaV3","schema_type":"Iced"},"name":"max_after_balance_size","label":"max_after_balance_size","help":"Maximum relative size of the training data after balancing class counts (can be less than 1.0). Requires balance_classes.","required":false,"type":"float","default_value":5.0,"actual_value":5.0,"input_value":5.0,"level":"expert","values":[],"is_member_of_frames":[],"is_mutually_exclusive_with":[],"gridable":true},{"__meta":{"schema_version":3,"schema_name":"ModelParameterSchemaV3","schema_type":"Iced"},"name":"max_confusion_matrix_size","label":"max_confusion_matrix_size","help":"[Deprecated] Maximum size (# classes) for confusion matrices to be printed in the Logs","required":false,"type":"int","default_value":20,"actual_value":20,"input_value":20,"level":"secondary","values":[],"is_member_of_frames":[],"is_mutually_exclusive_with":[],"gridable":false},{"__meta":{"schema_version":3,"schema_name":"ModelParameterSchemaV3","schema_type":"Iced"},"name":"max_hit_ratio_k","label":"max_hit_ratio_k","help":"Max. number (top K) of predictions to use for hit ratio computation (for multi-class only, 0 to disable)","required":false,"type":"int","default_value":0,"actual_value":0,"input_value":0,"level":"secondary","values":[],"is_member_of_frames":[],"is_mutually_exclusive_with":[],"gridable":false},{"__meta":{"schema_version":3,"schema_name":"ModelParameterSchemaV3","schema_type":"Iced"},"name":"ntrees","label":"ntrees","help":"Number of trees.","required":false,"type":"int","default_value":50,"actual_value":1000,"input_value":1000,"level":"critical","values":[],"is_member_of_frames":[],"is_mutually_exclusive_with":[],"gridable":true},{"__meta":{"schema_version":3,"schema_name":"ModelParameterSchemaV3","schema_type":"Iced"},"name":"max_depth","label":"max_depth","help":"Maximum tree depth (0 for unlimited).","required":false,"type":"int","default_value":20,"actual_value":20,"input_value":20,"level":"critical","values":[],"is_member_of_frames":[],"is_mutually_exclusive_with":[],"gridable":true},{"__meta":{"schema_version":3,"schema_name":"ModelParameterSchemaV3","schema_type":"Iced"},"name":"min_rows","label":"min_rows","help":"Fewest allowed (weighted) observations in a leaf.","required":false,"type":"double","default_value":1.0,"actual_value":1.0,"input_value":1.0,"level":"critical","values":[],"is_member_of_frames":[],"is_mutually_exclusive_with":[],"gridable":true},{"__meta":{"schema_version":3,"schema_name":"ModelParameterSchemaV3","schema_type":"Iced"},"name":"nbins","label":"nbins","help":"For numerical columns (real/int), build a histogram of (at least) this many bins, then split at the best point","required":false,"type":"int","default_value":20,"actual_value":20,"input_value":20,"level":"critical","values":[],"is_member_of_frames":[],"is_mutually_exclusive_with":[],"gridable":true},{"__meta":{"schema_version":3,"schema_name":"ModelParameterSchemaV3","schema_type":"Iced"},"name":"nbins_top_level","label":"nbins_top_level","help":"For numerical columns (real/int), build a histogram of (at most) this many bins at the root level, then decrease by factor of two per level","required":false,"type":"int","default_value":1024,"actual_value":1024,"input_value":1024,"level":"secondary","values":[],"is_member_of_frames":[],"is_mutually_exclusive_with":[],"gridable":true},{"__meta":{"schema_version":3,"schema_name":"ModelParameterSchemaV3","schema_type":"Iced"},"name":"nbins_cats","label":"nbins_cats","help":"For categorical columns (factors), build a histogram of this many bins, then split at the best point. Higher values can lead to more overfitting.","required":false,"type":"int","default_value":1024,"actual_value":1024,"input_value":1024,"level":"secondary","values":[],"is_member_of_frames":[],"is_mutually_exclusive_with":[],"gridable":true},{"__meta":{"schema_version":3,"schema_name":"ModelParameterSchemaV3","schema_type":"Iced"},"name":"r2_stopping","label":"r2_stopping","help":"r2_stopping is no longer supported and will be ignored if set - please use stopping_rounds, stopping_metric and stopping_tolerance instead. Previous version of H2O would stop making trees when the R^2 metric equals or exceeds this","required":false,"type":"double","default_value":1.7976931348623157E308,"actual_value":1.7976931348623157E308,"input_value":1.7976931348623157E308,"level":"secondary","values":[],"is_member_of_frames":[],"is_mutually_exclusive_with":[],"gridable":true},{"__meta":{"schema_version":3,"schema_name":"ModelParameterSchemaV3","schema_type":"Iced"},"name":"stopping_rounds","label":"stopping_rounds","help":"Early stopping based on convergence of stopping_metric. Stop if simple moving average of length k of the stopping_metric does not improve for k:=stopping_rounds scoring events (0 to disable)","required":false,"type":"int","default_value":0,"actual_value":0,"input_value":0,"level":"secondary","values":[],"is_member_of_frames":[],"is_mutually_exclusive_with":[],"gridable":true},{"__meta":{"schema_version":3,"schema_name":"ModelParameterSchemaV3","schema_type":"Iced"},"name":"stopping_metric","label":"stopping_metric","help":"Metric to use for early stopping (AUTO: logloss for classification, deviance for regression and anonomaly_score for Isolation Forest). Note that custom and custom_increasing can only be used in GBM and DRF with the Python client.","required":false,"type":"enum","default_value":"AUTO","actual_value":null,"input_value":"AUTO","level":"secondary","values":["AUTO","deviance","logloss","MSE","RMSE","MAE","RMSLE","AUC","AUCPR","lift_top_group","misclassification","mean_per_class_error","anomaly_score","custom","custom_increasing"],"is_member_of_frames":[],"is_mutually_exclusive_with":[],"gridable":true},{"__meta":{"schema_version":3,"schema_name":"ModelParameterSchemaV3","schema_type":"Iced"},"name":"stopping_tolerance","label":"stopping_tolerance","help":"Relative tolerance for metric-based stopping criterion (stop if relative improvement is not at least this much)","required":false,"type":"double","default_value":0.001,"actual_value":0.001,"input_value":0.001,"level":"secondary","values":[],"is_member_of_frames":[],"is_mutually_exclusive_with":[],"gridable":true},{"__meta":{"schema_version":3,"schema_name":"ModelParameterSchemaV3","schema_type":"Iced"},"name":"max_runtime_secs","label":"max_runtime_secs","help":"Maximum allowed runtime in seconds for model training. Use 0 to disable.","required":false,"type":"double","default_value":0.0,"actual_value":0.0,"input_value":0.0,"level":"secondary","values":[],"is_member_of_frames":[],"is_mutually_exclusive_with":[],"gridable":true},{"__meta":{"schema_version":3,"schema_name":"ModelParameterSchemaV3","schema_type":"Iced"},"name":"seed","label":"seed","help":"Seed for pseudo random number generator (if applicable)","required":false,"type":"long","default_value":-1,"actual_value":1234,"input_value":1234,"level":"critical","values":[],"is_member_of_frames":[],"is_mutually_exclusive_with":[],"gridable":true},{"__meta":{"schema_version":3,"schema_name":"ModelParameterSchemaV3","schema_type":"Iced"},"name":"build_tree_one_node","label":"build_tree_one_node","help":"Run on one node only; no network overhead but fewer cpus used. Suitable for small datasets.","required":false,"type":"boolean","default_value":false,"actual_value":false,"input_value":false,"level":"expert","values":[],"is_member_of_frames":[],"is_mutually_exclusive_with":[],"gridable":false},{"__meta":{"schema_version":3,"schema_name":"ModelParameterSchemaV3","schema_type":"Iced"},"name":"mtries","label":"mtries","help":"Number of variables randomly sampled as candidates at each split. If set to -1, defaults to sqrt{p} for classification and p/3 for regression (where p is the # of predictors","required":false,"type":"int","default_value":-1,"actual_value":-1,"input_value":-1,"level":"critical","values":[],"is_member_of_frames":[],"is_mutually_exclusive_with":[],"gridable":true},{"__meta":{"schema_version":3,"schema_name":"ModelParameterSchemaV3","schema_type":"Iced"},"name":"sample_rate","label":"sample_rate","help":"Row sample rate per tree (from 0.0 to 1.0)","required":false,"type":"double","default_value":0.632,"actual_value":0.632,"input_value":0.632,"level":"critical","values":[],"is_member_of_frames":[],"is_mutually_exclusive_with":[],"gridable":true},{"__meta":{"schema_version":3,"schema_name":"ModelParameterSchemaV3","schema_type":"Iced"},"name":"sample_rate_per_class","label":"sample_rate_per_class","help":"A list of row sample rates per class (relative fraction for each class, from 0.0 to 1.0), for each tree","required":false,"type":"double[]","default_value":null,"actual_value":null,"input_value":null,"level":"expert","values":[],"is_member_of_frames":[],"is_mutually_exclusive_with":[],"gridable":true},{"__meta":{"schema_version":3,"schema_name":"ModelParameterSchemaV3","schema_type":"Iced"},"name":"binomial_double_trees","label":"binomial_double_trees","help":"For binary classification: Build 2x as many trees (one per class) - can lead to higher accuracy.","required":false,"type":"boolean","default_value":false,"actual_value":false,"input_value":false,"level":"expert","values":[],"is_member_of_frames":[],"is_mutually_exclusive_with":[],"gridable":false},{"__meta":{"schema_version":3,"schema_name":"ModelParameterSchemaV3","schema_type":"Iced"},"name":"checkpoint","label":"checkpoint","help":"Model checkpoint to resume training with.","required":false,"type":"Key<Model>","default_value":null,"actual_value":null,"input_value":null,"level":"secondary","values":[],"is_member_of_frames":[],"is_mutually_exclusive_with":[],"gridable":false},{"__meta":{"schema_version":3,"schema_name":"ModelParameterSchemaV3","schema_type":"Iced"},"name":"col_sample_rate_change_per_level","label":"col_sample_rate_change_per_level","help":"Relative change of the column sampling rate for every level (must be > 0.0 and <= 2.0)","required":false,"type":"double","default_value":1.0,"actual_value":1.0,"input_value":1.0,"level":"expert","values":[],"is_member_of_frames":[],"is_mutually_exclusive_with":[],"gridable":true},{"__meta":{"schema_version":3,"schema_name":"ModelParameterSchemaV3","schema_type":"Iced"},"name":"col_sample_rate_per_tree","label":"col_sample_rate_per_tree","help":"Column sample rate per tree (from 0.0 to 1.0)","required":false,"type":"double","default_value":1.0,"actual_value":1.0,"input_value":1.0,"level":"secondary","values":[],"is_member_of_frames":[],"is_mutually_exclusive_with":[],"gridable":true},{"__meta":{"schema_version":3,"schema_name":"ModelParameterSchemaV3","schema_type":"Iced"},"name":"min_split_improvement","label":"min_split_improvement","help":"Minimum relative improvement in squared error reduction for a split to happen","required":false,"type":"double","default_value":1.0E-5,"actual_value":1.0E-5,"input_value":1.0E-5,"level":"secondary","values":[],"is_member_of_frames":[],"is_mutually_exclusive_with":[],"gridable":true},{"__meta":{"schema_version":3,"schema_name":"ModelParameterSchemaV3","schema_type":"Iced"},"name":"histogram_type","label":"histogram_type","help":"What type of histogram to use for finding optimal split points","required":false,"type":"enum","default_value":"AUTO","actual_value":"UniformAdaptive","input_value":"AUTO","level":"secondary","values":["AUTO","UniformAdaptive","Random","QuantilesGlobal","RoundRobin"],"is_member_of_frames":[],"is_mutually_exclusive_with":[],"gridable":true},{"__meta":{"schema_version":3,"schema_name":"ModelParameterSchemaV3","schema_type":"Iced"},"name":"categorical_encoding","label":"categorical_encoding","help":"Encoding scheme for categorical features","required":false,"type":"enum","default_value":"AUTO","actual_value":"Enum","input_value":"AUTO","level":"secondary","values":["AUTO","Enum","OneHotInternal","OneHotExplicit","Binary","Eigen","LabelEncoder","SortByResponse","EnumLimited"],"is_member_of_frames":[],"is_mutually_exclusive_with":[],"gridable":true},{"__meta":{"schema_version":3,"schema_name":"ModelParameterSchemaV3","schema_type":"Iced"},"name":"calibrate_model","label":"calibrate_model","help":"Use Platt Scaling to calculate calibrated class probabilities. Calibration can provide more accurate estimates of class probabilities.","required":false,"type":"boolean","default_value":false,"actual_value":false,"input_value":false,"level":"expert","values":[],"is_member_of_frames":[],"is_mutually_exclusive_with":[],"gridable":false},{"__meta":{"schema_version":3,"schema_name":"ModelParameterSchemaV3","schema_type":"Iced"},"name":"calibration_frame","label":"calibration_frame","help":"Calibration frame for Platt Scaling","required":false,"type":"Key<Frame>","default_value":null,"actual_value":null,"input_value":null,"level":"expert","values":[],"is_member_of_frames":[],"is_mutually_exclusive_with":[],"gridable":false},{"__meta":{"schema_version":3,"schema_name":"ModelParameterSchemaV3","schema_type":"Iced"},"name":"distribution","label":"distribution","help":"Distribution function","required":false,"type":"enum","default_value":"AUTO","actual_value":"gaussian","input_value":"gaussian","level":"secondary","values":["AUTO","bernoulli","quasibinomial","ordinal","multinomial","gaussian","poisson","gamma","tweedie","laplace","quantile","huber","custom"],"is_member_of_frames":[],"is_mutually_exclusive_with":[],"gridable":true},{"__meta":{"schema_version":3,"schema_name":"ModelParameterSchemaV3","schema_type":"Iced"},"name":"custom_metric_func","label":"custom_metric_func","help":"Reference to custom evaluation function, format: `language:keyName=funcName`","required":false,"type":"string","default_value":null,"actual_value":null,"input_value":null,"level":"secondary","values":[],"is_member_of_frames":[],"is_mutually_exclusive_with":[],"gridable":false},{"__meta":{"schema_version":3,"schema_name":"ModelParameterSchemaV3","schema_type":"Iced"},"name":"export_checkpoints_dir","label":"export_checkpoints_dir","help":"Automatically export generated models to this directory.","required":false,"type":"string","default_value":null,"actual_value":null,"input_value":null,"level":"secondary","values":[],"is_member_of_frames":[],"is_mutually_exclusive_with":[],"gridable":false},{"__meta":{"schema_version":3,"schema_name":"ModelParameterSchemaV3","schema_type":"Iced"},"name":"check_constant_response","label":"check_constant_response","help":"Check if response column is constant. If enabled, then an exception is thrown if the response column is a constant value.If disabled, then model will train regardless of the response column being a constant value or not.","required":false,"type":"boolean","default_value":true,"actual_value":true,"input_value":true,"level":"expert","values":[],"is_member_of_frames":[],"is_mutually_exclusive_with":[],"gridable":false},{"__meta":{"schema_version":3,"schema_name":"ModelParameterSchemaV3","schema_type":"Iced"},"name":"gainslift_bins","label":"gainslift_bins","help":"Gains/Lift table number of bins. 0 means disabled.. Default value -1 means automatic binning.","required":false,"type":"int","default_value":-1,"actual_value":-1,"input_value":-1,"level":"secondary","values":[],"is_member_of_frames":[],"is_mutually_exclusive_with":[],"gridable":false}],"output":{"__meta":{"schema_version":3,"schema_name":"DRFModelOutputV3","schema_type":"DRFOutput"},"names":["age_rc","psa","bxgs","bxgs1","bxgs2","totcores","poscores","wgt","mi","diab","anom_score"],"original_names":null,"column_types":["Numeric","Numeric","Numeric","Numeric","Numeric","Numeric","Numeric","Numeric","Enum","Enum","Numeric"],"domains":[null,null,null,null,null,null,null,null,["No","Yes"],["No","Yes"],null],"cross_validation_models":null,"cross_validation_predictions":null,"cross_validation_holdout_predictions_frame_id":null,"cross_validation_fold_assignment_frame_id":null,"model_category":"Regression","model_summary":{"__meta":{"schema_version":3,"schema_name":"TwoDimTableV3","schema_type":"TwoDimTable"},"name":"Model Summary","description":"","columns":[{"__meta":{"schema_version":-1,"schema_name":"ColumnSpecsBase","schema_type":"Iced"},"name":"","type":"string","format":"%s","description":""},{"__meta":{"schema_version":-1,"schema_name":"ColumnSpecsBase","schema_type":"Iced"},"name":"number_of_trees","type":"long","format":"%d","description":"Number of Trees"},{"__meta":{"schema_version":-1,"schema_name":"ColumnSpecsBase","schema_type":"Iced"},"name":"number_of_internal_trees","type":"long","format":"%d","description":"Number of Internal Trees"},{"__meta":{"schema_version":-1,"schema_name":"ColumnSpecsBase","schema_type":"Iced"},"name":"model_size_in_bytes","type":"long","format":"%d","description":"Model Size in Bytes"},{"__meta":{"schema_version":-1,"schema_name":"ColumnSpecsBase","schema_type":"Iced"},"name":"min_depth","type":"long","format":"%d","description":"Min. Depth"},{"__meta":{"schema_version":-1,"schema_name":"ColumnSpecsBase","schema_type":"Iced"},"name":"max_depth","type":"long","format":"%d","description":"Max. Depth"},{"__meta":{"schema_version":-1,"schema_name":"ColumnSpecsBase","schema_type":"Iced"},"name":"mean_depth","type":"double","format":"%.5f","description":"Mean Depth"},{"__meta":{"schema_version":-1,"schema_name":"ColumnSpecsBase","schema_type":"Iced"},"name":"min_leaves","type":"long","format":"%d","description":"Min. Leaves"},{"__meta":{"schema_version":-1,"schema_name":"ColumnSpecsBase","schema_type":"Iced"},"name":"max_leaves","type":"long","format":"%d","description":"Max. Leaves"},{"__meta":{"schema_version":-1,"schema_name":"ColumnSpecsBase","schema_type":"Iced"},"name":"mean_leaves","type":"double","format":"%.5f","description":"Mean Leaves"}],"rowcount":1,"data":[[""],[1000],[1000],[29233948],[20],[20],[20.0],[1858],[2831],[2325.356]]},"scoring_history":{"__meta":{"schema_version":3,"schema_name":"TwoDimTableV3","schema_type":"TwoDimTable"},"name":"Scoring History","description":"","columns":[{"__meta":{"schema_version":-1,"schema_name":"ColumnSpecsBase","schema_type":"Iced"},"name":"","type":"string","format":"%s","description":""},{"__meta":{"schema_version":-1,"schema_name":"ColumnSpecsBase","schema_type":"Iced"},"name":"timestamp","type":"string","format":"%s","description":"Timestamp"},{"__meta":{"schema_version":-1,"schema_name":"ColumnSpecsBase","schema_type":"Iced"},"name":"duration","type":"string","format":"%s","description":"Duration"},{"__meta":{"schema_version":-1,"schema_name":"ColumnSpecsBase","schema_type":"Iced"},"name":"number_of_trees","type":"long","format":"%d","description":"Number of Trees"},{"__meta":{"schema_version":-1,"schema_name":"ColumnSpecsBase","schema_type":"Iced"},"name":"training_rmse","type":"double","format":"%.5f","description":"Training RMSE"},{"__meta":{"schema_version":-1,"schema_name":"ColumnSpecsBase","schema_type":"Iced"},"name":"training_mae","type":"double","format":"%.5f","description":"Training MAE"},{"__meta":{"schema_version":-1,"schema_name":"ColumnSpecsBase","schema_type":"Iced"},"name":"training_deviance","type":"double","format":"%.5f","description":"Training Deviance"}],"rowcount":157,"data":[["","","","","","","","","","","","","","","","","","","","","","","","","","","","","","","","","","","","","","","","","","","","","","","","","","","","","","","","","","","","","","","","","","","","","","","","","","","","","","","","","","","","","","","","","","","","","","","","","","","","","","","","","","","","","","","","","","","","","","","","","","","","","","","","","","","","","","","","","","","","","","","","","","","","","","","","","","","","",""],["2020-08-27 14:43:27","2020-08-27 14:43:27","2020-08-27 14:43:27","2020-08-27 14:43:27","2020-08-27 14:43:27","2020-08-27 14:43:27","2020-08-27 14:43:27","2020-08-27 14:43:27","2020-08-27 14:43:28","2020-08-27 14:43:28","2020-08-27 14:43:28","2020-08-27 14:43:28","2020-08-27 14:43:28","2020-08-27 14:43:28","2020-08-27 14:43:28","2020-08-27 14:43:28","2020-08-27 14:43:28","2020-08-27 14:43:28","2020-08-27 14:43:28","2020-08-27 14:43:28","2020-08-27 14:43:28","2020-08-27 14:43:28","2020-08-27 14:43:28","2020-08-27 14:43:28","2020-08-27 14:43:28","2020-08-27 14:43:28","2020-08-27 14:43:28","2020-08-27 14:43:28","2020-08-27 14:43:28","2020-08-27 14:43:28","2020-08-27 14:43:28","2020-08-27 14:43:28","2020-08-27 14:43:28","2020-08-27 14:43:28","2020-08-27 14:43:28","2020-08-27 14:43:28","2020-08-27 14:43:28","2020-08-27 14:43:28","2020-08-27 14:43:28","2020-08-27 14:43:28","2020-08-27 14:43:28","2020-08-27 14:43:28","2020-08-27 14:43:28","2020-08-27 14:43:28","2020-08-27 14:43:28","2020-08-27 14:43:28","2020-08-27 14:43:28","2020-08-27 14:43:28","2020-08-27 14:43:28","2020-08-27 14:43:29","2020-08-27 14:43:29","2020-08-27 14:43:29","2020-08-27 14:43:29","2020-08-27 14:43:29","2020-08-27 14:43:29","2020-08-27 14:43:29","2020-08-27 14:43:29","2020-08-27 14:43:29","2020-08-27 14:43:29","2020-08-27 14:43:29","2020-08-27 14:43:29","2020-08-27 14:43:29","2020-08-27 14:43:29","2020-08-27 14:43:29","2020-08-27 14:43:29","2020-08-27 14:43:29","2020-08-27 14:43:29","2020-08-27 14:43:29","2020-08-27 14:43:29","2020-08-27 14:43:29","2020-08-27 14:43:29","2020-08-27 14:43:29","2020-08-27 14:43:29","2020-08-27 14:43:29","2020-08-27 14:43:29","2020-08-27 14:43:29","2020-08-27 14:43:29","2020-08-27 14:43:29","2020-08-27 14:43:29","2020-08-27 14:43:29","2020-08-27 14:43:29","2020-08-27 14:43:29","2020-08-27 14:43:29","2020-08-27 14:43:29","2020-08-27 14:43:29","2020-08-27 14:43:29","2020-08-27 14:43:29","2020-08-27 14:43:30","2020-08-27 14:43:30","2020-08-27 14:43:30","2020-08-27 14:43:30","2020-08-27 14:43:30","2020-08-27 14:43:30","2020-08-27 14:43:30","2020-08-27 14:43:30","2020-08-27 14:43:30","2020-08-27 14:43:30","2020-08-27 14:43:30","2020-08-27 14:43:30","2020-08-27 14:43:30","2020-08-27 14:43:30","2020-08-27 14:43:30","2020-08-27 14:43:30","2020-08-27 14:43:30","2020-08-27 14:43:30","2020-08-27 14:43:30","2020-08-27 14:43:30","2020-08-27 14:43:30","2020-08-27 14:43:30","2020-08-27 14:43:30","2020-08-27 14:43:30","2020-08-27 14:43:30","2020-08-27 14:43:30","2020-08-27 14:43:30","2020-08-27 14:43:30","2020-08-27 14:43:30","2020-08-27 14:43:30","2020-08-27 14:43:30","2020-08-27 14:43:30","2020-08-27 14:43:30","2020-08-27 14:43:30","2020-08-27 14:43:30","2020-08-27 14:43:30","2020-08-27 14:43:31","2020-08-27 14:43:31","2020-08-27 14:43:31","2020-08-27 14:43:31","2020-08-27 14:43:31","2020-08-27 14:43:31","2020-08-27 14:43:31","2020-08-27 14:43:31","2020-08-27 14:43:31","2020-08-27 14:43:31","2020-08-27 14:43:31","2020-08-27 14:43:31","2020-08-27 14:43:31","2020-08-27 14:43:31","2020-08-27 14:43:31","2020-08-27 14:43:31","2020-08-27 14:43:31","2020-08-27 14:43:31","2020-08-27 14:43:31","2020-08-27 14:43:31","2020-08-27 14:43:31","2020-08-27 14:43:31","2020-08-27 14:43:31","2020-08-27 14:43:31","2020-08-27 14:43:31","2020-08-27 14:43:31","2020-08-27 14:43:31","2020-08-27 14:43:31","2020-08-27 14:43:35","2020-08-27 14:43:39","2020-08-27 14:43:43","2020-08-27 14:43:47","2020-08-27 14:43:51","2020-08-27 14:43:52"],[" 0.004 sec"," 0.030 sec"," 0.055 sec"," 0.081 sec"," 0.107 sec"," 0.134 sec"," 0.160 sec"," 0.187 sec"," 0.211 sec"," 0.238 sec"," 0.261 sec"," 0.287 sec"," 0.311 sec"," 0.333 sec"," 0.359 sec"," 0.381 sec"," 0.405 sec"," 0.427 sec"," 0.451 sec"," 0.475 sec"," 0.499 sec"," 0.523 sec"," 0.547 sec"," 0.568 sec"," 0.595 sec"," 0.625 sec"," 0.649 sec"," 0.672 sec"," 0.693 sec"," 0.717 sec"," 0.742 sec"," 0.769 sec"," 0.799 sec"," 0.824 sec"," 0.849 sec"," 0.871 sec"," 0.895 sec"," 0.919 sec"," 0.943 sec"," 0.965 sec"," 0.989 sec"," 1.013 sec"," 1.038 sec"," 1.062 sec"," 1.087 sec"," 1.110 sec"," 1.138 sec"," 1.166 sec"," 1.192 sec"," 1.217 sec"," 1.244 sec"," 1.269 sec"," 1.295 sec"," 1.323 sec"," 1.347 sec"," 1.371 sec"," 1.396 sec"," 1.422 sec"," 1.447 sec"," 1.473 sec"," 1.500 sec"," 1.526 sec"," 1.554 sec"," 1.577 sec"," 1.601 sec"," 1.626 sec"," 1.650 sec"," 1.678 sec"," 1.707 sec"," 1.735 sec"," 1.762 sec"," 1.789 sec"," 1.816 sec"," 1.843 sec"," 1.869 sec"," 1.896 sec"," 1.922 sec"," 1.945 sec"," 1.972 sec"," 2.001 sec"," 2.028 sec"," 2.054 sec"," 2.077 sec"," 2.116 sec"," 2.145 sec"," 2.170 sec"," 2.192 sec"," 2.218 sec"," 2.244 sec"," 2.272 sec"," 2.299 sec"," 2.327 sec"," 2.356 sec"," 2.384 sec"," 2.412 sec"," 2.436 sec"," 2.464 sec"," 2.492 sec"," 2.537 sec"," 2.564 sec"," 2.589 sec"," 2.615 sec"," 2.642 sec"," 2.670 sec"," 2.700 sec"," 2.725 sec"," 2.752 sec"," 2.777 sec"," 2.805 sec"," 2.831 sec"," 2.859 sec"," 2.886 sec"," 2.914 sec"," 2.941 sec"," 2.962 sec"," 2.998 sec"," 3.027 sec"," 3.052 sec"," 3.080 sec"," 3.107 sec"," 3.136 sec"," 3.164 sec"," 3.193 sec"," 3.223 sec"," 3.248 sec"," 3.277 sec"," 3.302 sec"," 3.329 sec"," 3.356 sec"," 3.384 sec"," 3.410 sec"," 3.438 sec"," 3.466 sec"," 3.493 sec"," 3.522 sec"," 3.549 sec"," 3.576 sec"," 3.606 sec"," 3.632 sec"," 3.669 sec"," 3.697 sec"," 3.724 sec"," 3.752 sec"," 3.780 sec"," 3.806 sec"," 3.834 sec"," 3.867 sec"," 3.895 sec"," 3.924 sec"," 3.951 sec"," 3.978 sec"," 7.981 sec","11.985 sec","16.002 sec","20.008 sec","24.020 sec","24.405 sec"],[0,1,2,3,4,5,6,7,8,9,10,11,12,13,14,15,16,17,18,19,20,21,22,23,24,25,26,27,28,29,30,31,32,33,34,35,36,37,38,39,40,41,42,43,44,45,46,47,48,49,50,51,52,53,54,55,56,57,58,59,60,61,62,63,64,65,66,67,68,69,70,71,72,73,74,75,76,77,78,79,80,81,82,83,84,85,86,87,88,89,90,91,92,93,94,95,96,97,98,99,100,101,102,103,104,105,106,107,108,109,110,111,112,113,114,115,116,117,118,119,120,121,122,123,124,125,126,127,128,129,130,131,132,133,134,135,136,137,138,139,140,141,142,143,144,145,146,147,148,149,150,301,463,629,806,983,1000],["NaN",0.060057275309103986,0.056505812046854176,0.054391080042895196,0.05120333463864578,0.04848346868391628,0.047326580148426736,0.045723565507177225,0.044485685841470626,0.043245934486312664,0.04204946801648321,0.040936659328592175,0.040240563979770785,0.03953373191933612,0.03891986937389742,0.03830955699037679,0.03799155019388432,0.03753130297145365,0.03713888901557723,0.03686692374315856,0.03649261224544294,0.036342865648130156,0.03614264272362544,0.03599757310061109,0.03571014237795819,0.035570539521738345,0.035418099400974776,0.03532783496128827,0.03525405219827254,0.03512509759418363,0.03501320145218877,0.03481604235759843,0.03473538692853401,0.03458503054562728,0.03455368761658905,0.034487340808814125,0.034460167856133345,0.03435988559292344,0.03427025783463837,0.034183651276049276,0.034052983633716526,0.034017837794186635,0.03395563975331733,0.03386481829359869,0.033856088589329675,0.03385278619383582,0.03374134995499223,0.03360471197615983,0.03355352748884978,0.033530213196776924,0.0334715822316606,0.033423437464755124,0.03336782799304661,0.033346212125235655,0.0332879943736014,0.033252819359578654,0.033161903140522225,0.0331065981068334,0.03312452736636198,0.03315851705263087,0.03308868767906124,0.0329938042726501,0.03292924807442463,0.032875624703305545,0.03285864317948756,0.03281027448314335,0.032766023956232494,0.0327758914300778,0.03276223099742792,0.032747174208341966,0.032729114259074786,0.032709141966044096,0.03266907062981671,0.0326109228936774,0.03260040896652263,0.03257765668237823,0.03254602755522672,0.03246678908145676,0.032418253821520054,0.03240247055890231,0.03241842093218603,0.03238914471450409,0.03233682372007984,0.03231902366993283,0.03232144073484157,0.03230978843456826,0.03222109031553509,0.03220611645457817,0.032191225738306614,0.03214604575769922,0.03211436101581909,0.03205038379081249,0.03202215080459958,0.031997931596900356,0.03197425309252067,0.031951606674170976,0.03195474898262248,0.031923481549619465,0.031943657367984955,0.03193070789440405,0.031931239007460664,0.031936665385036846,0.031914128825449556,0.03188894283631248,0.031881001782768564,0.03186883951203888,0.03185594893505494,0.03185132241193054,0.03182071931412949,0.03181723924020432,0.031823952902718514,0.03183444442817665,0.03179972949422108,0.031804164753712665,0.031799006889832636,0.03180478708825721,0.03180350728537563,0.03179498741130042,0.03176800508862603,0.031764887587132126,0.031773418837434626,0.03175301599685869,0.03175198255442919,0.031748842367800255,0.03172916560424333,0.0317192718291474,0.03171584319033899,0.031689449330256164,0.03169036839371274,0.03166087426178567,0.03164101352179167,0.0316518378104867,0.03163155378709132,0.03160727989728886,0.03160436269182094,0.031591850217156166,0.031605593472820756,0.031609372791544334,0.03160366268811367,0.03159644175901708,0.03157743410320873,0.03156879942483928,0.03159316904301391,0.031573740638341265,0.031569056768073894,0.03155636420222965,0.03154034990061341,0.031538455688041395,0.03154519507891078,0.031555145189271244,0.03156369659251762,0.031029620873479755,0.030948803946335576,0.03082445128534746,0.03085845215011227,0.030818166274732956,0.03082421161979449],["NaN",0.04203931521434465,0.040187805841946554,0.03841268850583539,0.03665300077581763,0.03479148097956904,0.03393673121486573,0.03286045574644255,0.03212514935349052,0.03127162961385967,0.030492389280252895,0.02982073216600704,0.02923687722647641,0.02877732324598316,0.028364280650987145,0.028131983015985403,0.027848216168353163,0.02760511476356014,0.027316883098035802,0.02711047712363491,0.02684878154760359,0.02673205877903419,0.026572996385425807,0.02646922854606814,0.026247218401190382,0.0261339292185766,0.025972645442136445,0.025914632071521462,0.025887527824860285,0.025746452739761717,0.02564920317439141,0.025591775517046347,0.025517534704140313,0.025400846447895673,0.025346921178341433,0.02530685305842901,0.02526752910886832,0.025213492147521086,0.02511652557228009,0.025037548985923586,0.024960565171356044,0.02494688952975649,0.024909838587587732,0.024862026463590446,0.02481978116364125,0.024782821443702002,0.024697086919620505,0.024616276616164574,0.024599576604333234,0.02457497661495925,0.02453651294083629,0.02451050845222343,0.024470816331761305,0.0244715269443043,0.02445435204951027,0.02442257541293512,0.024353579953522424,0.024305374557340102,0.024306435539968273,0.024318801803694598,0.024262331654969983,0.02422175852226102,0.024174529502974877,0.024114424734863072,0.024091816858422783,0.02405317297946533,0.024032331416694093,0.024019543243237726,0.024019189873956456,0.024007121330931996,0.02398699720037394,0.023982395825721266,0.023957350988311168,0.023911484369358547,0.02391396214534219,0.023891615253942084,0.023874805108538944,0.023826752860225855,0.02378752850504571,0.023767489136850794,0.02378660211744769,0.023752888945448893,0.023734438724710736,0.02373201043216104,0.02371409972517238,0.023695723670960803,0.023662705297532158,0.02366278729212665,0.02364798230321393,0.023631901378308017,0.02361174138881071,0.0235803733652843,0.023551050463922397,0.0235285636831407,0.023526888301045743,0.02351713681395125,0.023516818056705864,0.023499665904732455,0.02349239675982364,0.023479161884335256,0.023476631298192482,0.023486099138955673,0.023465786389345156,0.02344945731058561,0.023438779043249366,0.023443676193803397,0.023423040233243424,0.02342188222511192,0.02339955331346432,0.02340511738502927,0.023415696972618315,0.023420673422384256,0.023402011685670732,0.023408805469050668,0.023394716056843692,0.02339284974594593,0.02339177364639467,0.023384844193772614,0.023365730297125013,0.02335622847573924,0.023364433967505916,0.02335830225046474,0.02336632288431837,0.023351907986217946,0.023337157306563182,0.023339958781310538,0.023335340743026733,0.023313955426862088,0.02331933305498585,0.0232852560268447,0.023278519542226685,0.023278168437041374,0.02326027761131294,0.023244568807823416,0.02323857864852454,0.02323246300278466,0.02323356309301093,0.02323290980085033,0.02322845167391746,0.023215601577484823,0.02320533256642366,0.02320317146277925,0.023221110792109926,0.023217709019499086,0.02321263767048148,0.023196151368264858,0.023187109281060603,0.023180058160114796,0.023188816980774466,0.02319434455037128,0.02319056450368566,0.022768168798330775,0.022713674144933353,0.022603516594299607,0.02262462318731365,0.02259351579752878,0.02260068646793834],["NaN",0.003606876317553511,0.0031929067950744105,0.0029583895882326324,0.0026217814781171423,0.0023506467356242903,0.0022398051885454597,0.002090644442689127,0.0019789762447860204,0.001870210849594447,0.0017681577604692447,0.0016758100769852125,0.001619302989410026,0.0015629159594699356,0.0015147562320812385,0.0014676221567989272,0.0014433578861344314,0.0014085987027350458,0.001379297077311363,0.0013591700662838682,0.0013317107484962516,0.0013208038835180388,0.0013062906230476349,0.0012958252691338387,0.0012752142686540456,0.0012652632818675495,0.0012544417651773297,0.0012480559230520214,0.0012428481963985248,0.0012337724810009246,0.0012259242759315538,0.001212156805446088,0.001206547105074971,0.0011961243378419723,0.0011939573279048197,0.0011893766760632963,0.0011875031686728857,0.0011806017379587877,0.0011744505720525929,0.0011685220145625454,0.0011596056943581653,0.0011572132881915928,0.0011529854710570638,0.0011468259180584565,0.001146234734568539,0.0011460111330855612,0.001138478696785254,0.00112927666700066,0.0011258392069449976,0.0011242751970213134,0.0011203468170908175,0.0011171261719603962,0.001113411944973545,0.0011119698631012135,0.0011080905694169187,0.001105749995360769,0.0010997118199013777,0.0010960468382073848,0.001097234313244864,0.0010994872531296122,0.0010948612523224595,0.0010885911203819439,0.0010843353787469982,0.001080806699632594,0.0010796904315968842,0.0010765141116592077,0.0010736123259004018,0.0010742590590362476,0.0010733637799288267,0.001072377418631497,0.0010711949201835723,0.0010698879681548272,0.0010672681758159524,0.0010634722919773728,0.001062786664784529,0.0010613037149149027,0.0010592439096255768,0.0010540923932598,0.0010509431808364998,0.0010499200983205307,0.0010509540157363974,0.001049056695337088,0.001045670168303518,0.0010445192909776784,0.0010446755311758758,0.0010439224286865612,0.0010381986611218692,0.0010372339370858506,0.0010362750145346143,0.0010333682578560922,0.0010313321834543611,0.0010272271011383758,0.0010254181421525178,0.001023867626479914,0.0010223528608245677,0.0010209051690609273,0.0010211059825424125,0.0010191086742488943,0.0010203972460432194,0.0010195701066377575,0.0010196040245515775,0.0010199505959158108,0.00101851161868739,0.001016904675217605,0.0010163982746728922,0.0010156229318440905,0.0010148014825528278,0.0010145067393887489,0.0010125581776686138,0.0010123367128683973,0.001012763978354446,0.0010134318520506674,0.001011222795905634,0.001011504895681299,0.0010111768391796235,0.0010115444817293724,0.0010114630756509408,0.001010921224484752,0.0010092061473109695,0.0010090080834231408,0.0010095501446190456,0.0010082540248967636,0.0010081883961367756,0.0010079889916954285,0.001006739949941498,0.0010061122053713436,0.001005894709274172,0.001004221198854873,0.0010042794489292272,0.001002410959020602,0.001001153736686203,0.0010018388367813555,0.0010005551949856513,9.990201425055605E-4,9.988357411561631E-4,9.9804500014323E-4,9.989135387692102E-4,9.991524482748234E-4,9.98791495304068E-4,9.983351318309586E-4,9.971343445424894E-4,9.96589097125733E-4,9.981283301804525E-4,9.969010978972427E-4,9.966053452258722E-4,9.958041216637612E-4,9.947936718531247E-4,9.946741871865506E-4,9.95099332566537E-4,9.95727187915988E-4,9.962669425845083E-4,9.628373715518904E-4,9.578284657087165E-4,9.501467970427587E-4,9.522440691007686E-4,9.497593725370879E-4,9.501320219818737E-4]]},"reproducibility_information_table":[{"__meta":{"schema_version":3,"schema_name":"TwoDimTableV3","schema_type":"TwoDimTable"},"name":"Node Information","description":"","columns":[{"__meta":{"schema_version":-1,"schema_name":"ColumnSpecsBase","schema_type":"Iced"},"name":"","type":"string","format":"%s","description":""},{"__meta":{"schema_version":-1,"schema_name":"ColumnSpecsBase","schema_type":"Iced"},"name":"node","type":"int","format":"%d","description":"node"},{"__meta":{"schema_version":-1,"schema_name":"ColumnSpecsBase","schema_type":"Iced"},"name":"h2o","type":"string","format":"%s","description":"h2o"},{"__meta":{"schema_version":-1,"schema_name":"ColumnSpecsBase","schema_type":"Iced"},"name":"healthy","type":"string","format":"%s","description":"healthy"},{"__meta":{"schema_version":-1,"schema_name":"ColumnSpecsBase","schema_type":"Iced"},"name":"last_ping","type":"string","format":"%s","description":"last_ping"},{"__meta":{"schema_version":-1,"schema_name":"ColumnSpecsBase","schema_type":"Iced"},"name":"num_cpus","type":"int","format":"%d","description":"num_cpus"},{"__meta":{"schema_version":-1,"schema_name":"ColumnSpecsBase","schema_type":"Iced"},"name":"sys_load","type":"double","format":"%.5f","description":"sys_load"},{"__meta":{"schema_version":-1,"schema_name":"ColumnSpecsBase","schema_type":"Iced"},"name":"mem_value_size","type":"long","format":"%d","description":"mem_value_size"},{"__meta":{"schema_version":-1,"schema_name":"ColumnSpecsBase","schema_type":"Iced"},"name":"free_mem","type":"long","format":"%d","description":"free_mem"},{"__meta":{"schema_version":-1,"schema_name":"ColumnSpecsBase","schema_type":"Iced"},"name":"pojo_mem","type":"long","format":"%d","description":"pojo_mem"},{"__meta":{"schema_version":-1,"schema_name":"ColumnSpecsBase","schema_type":"Iced"},"name":"swap_mem","type":"long","format":"%d","description":"swap_mem"},{"__meta":{"schema_version":-1,"schema_name":"ColumnSpecsBase","schema_type":"Iced"},"name":"free_disc","type":"long","format":"%d","description":"free_disc"},{"__meta":{"schema_version":-1,"schema_name":"ColumnSpecsBase","schema_type":"Iced"},"name":"max_disc","type":"long","format":"%d","description":"max_disc"},{"__meta":{"schema_version":-1,"schema_name":"ColumnSpecsBase","schema_type":"Iced"},"name":"pid","type":"int","format":"%d","description":"pid"},{"__meta":{"schema_version":-1,"schema_name":"ColumnSpecsBase","schema_type":"Iced"},"name":"num_keys","type":"int","format":"%d","description":"num_keys"},{"__meta":{"schema_version":-1,"schema_name":"ColumnSpecsBase","schema_type":"Iced"},"name":"tcps_active","type":"string","format":"%s","description":"tcps_active"},{"__meta":{"schema_version":-1,"schema_name":"ColumnSpecsBase","schema_type":"Iced"},"name":"open_fds","type":"int","format":"%d","description":"open_fds"},{"__meta":{"schema_version":-1,"schema_name":"ColumnSpecsBase","schema_type":"Iced"},"name":"rpcs_active","type":"string","format":"%s","description":"rpcs_active"},{"__meta":{"schema_version":-1,"schema_name":"ColumnSpecsBase","schema_type":"Iced"},"name":"nthreads","type":"int","format":"%d","description":"nthreads"},{"__meta":{"schema_version":-1,"schema_name":"ColumnSpecsBase","schema_type":"Iced"},"name":"is_leader","type":"string","format":"%s","description":"is_leader"},{"__meta":{"schema_version":-1,"schema_name":"ColumnSpecsBase","schema_type":"Iced"},"name":"total_mem","type":"long","format":"%d","description":"total_mem"},{"__meta":{"schema_version":-1,"schema_name":"ColumnSpecsBase","schema_type":"Iced"},"name":"max_mem","type":"long","format":"%d","description":"max_mem"},{"__meta":{"schema_version":-1,"schema_name":"ColumnSpecsBase","schema_type":"Iced"},"name":"java_version","type":"string","format":"%s","description":"java_version"},{"__meta":{"schema_version":-1,"schema_name":"ColumnSpecsBase","schema_type":"Iced"},"name":"jvm_launch_parameters","type":"string","format":"%s","description":"jvm_launch_parameters"},{"__meta":{"schema_version":-1,"schema_name":"ColumnSpecsBase","schema_type":"Iced"},"name":"os_version","type":"string","format":"%s","description":"os_version"},{"__meta":{"schema_version":-1,"schema_name":"ColumnSpecsBase","schema_type":"Iced"},"name":"machine_physical_mem","type":"long","format":"%d","description":"machine_physical_mem"},{"__meta":{"schema_version":-1,"schema_name":"ColumnSpecsBase","schema_type":"Iced"},"name":"machine_locale","type":"string","format":"%s","description":"machine_locale"}],"rowcount":1,"data":[[""],[0],["127.0.0.1:54321"],["true"],["1598553807240"],[8],[0.22798212],[648967879],[10754634056],[49993713],[0],[11040456704],[214378217472],[12904],[41047],["\u0000"],[-1],["\u0000"],[8],["true"],[3293052928],[11453595648],["Java 1.8.0_161 (from Oracle Corporation)"],["[-ea]"],["Windows Server 2016 10.0 (amd64)"],[51539054592],["en_US"]]},{"__meta":{"schema_version":3,"schema_name":"TwoDimTableV3","schema_type":"TwoDimTable"},"name":"Cluster Configuration","description":"","columns":[{"__meta":{"schema_version":-1,"schema_name":"ColumnSpecsBase","schema_type":"Iced"},"name":"","type":"string","format":"%s","description":""},{"__meta":{"schema_version":-1,"schema_name":"ColumnSpecsBase","schema_type":"Iced"},"name":"h2o_cluster_uptime","type":"long","format":"%d","description":"H2O cluster uptime"},{"__meta":{"schema_version":-1,"schema_name":"ColumnSpecsBase","schema_type":"Iced"},"name":"h2o_cluster_timezone","type":"string","format":"%s","description":"H2O cluster timezone"},{"__meta":{"schema_version":-1,"schema_name":"ColumnSpecsBase","schema_type":"Iced"},"name":"h2o_data_parsing_timezone","type":"string","format":"%s","description":"H2O data parsing timezone"},{"__meta":{"schema_version":-1,"schema_name":"ColumnSpecsBase","schema_type":"Iced"},"name":"h2o_cluster_version","type":"string","format":"%s","description":"H2O cluster version"},{"__meta":{"schema_version":-1,"schema_name":"ColumnSpecsBase","schema_type":"Iced"},"name":"h2o_cluster_version_age","type":"string","format":"%s","description":"H2O cluster version age"},{"__meta":{"schema_version":-1,"schema_name":"ColumnSpecsBase","schema_type":"Iced"},"name":"h2o_cluster_name","type":"string","format":"%s","description":"H2O cluster name"},{"__meta":{"schema_version":-1,"schema_name":"ColumnSpecsBase","schema_type":"Iced"},"name":"h2o_cluster_total_nodes","type":"int","format":"%d","description":"H2O cluster total nodes"},{"__meta":{"schema_version":-1,"schema_name":"ColumnSpecsBase","schema_type":"Iced"},"name":"h2o_cluster_free_memory","type":"long","format":"%d","description":"H2O cluster free memory"},{"__meta":{"schema_version":-1,"schema_name":"ColumnSpecsBase","schema_type":"Iced"},"name":"h2o_cluster_total_cores","type":"int","format":"%d","description":"H2O cluster total cores"},{"__meta":{"schema_version":-1,"schema_name":"ColumnSpecsBase","schema_type":"Iced"},"name":"h2o_cluster_allowed_cores","type":"int","format":"%d","description":"H2O cluster allowed cores"},{"__meta":{"schema_version":-1,"schema_name":"ColumnSpecsBase","schema_type":"Iced"},"name":"h2o_cluster_status","type":"string","format":"%s","description":"H2O cluster status"},{"__meta":{"schema_version":-1,"schema_name":"ColumnSpecsBase","schema_type":"Iced"},"name":"h2o_internal_security","type":"string","format":"%s","description":"H2O internal security"},{"__meta":{"schema_version":-1,"schema_name":"ColumnSpecsBase","schema_type":"Iced"},"name":"h2o_api_extensions","type":"string","format":"%s","description":"H2O API Extensions"}],"rowcount":1,"data":[[""],[77030294],["America/New_York"],["UTC"],["3.30.1.1"],["17 days"],["H2O_started_from_R_kdpsingh_gbi536"],[1],[10754634056],[8],[8],["locked, healthly"],["false"],["Amazon S3, Algos, AutoML, Core V3, TargetEncoder, Core V4"]]},{"__meta":{"schema_version":3,"schema_name":"TwoDimTableV3","schema_type":"TwoDimTable"},"name":"Input Frames Information","description":"","columns":[{"__meta":{"schema_version":-1,"schema_name":"ColumnSpecsBase","schema_type":"Iced"},"name":"","type":"string","format":"%s","description":""},{"__meta":{"schema_version":-1,"schema_name":"ColumnSpecsBase","schema_type":"Iced"},"name":"input_frame","type":"string","format":"%s","description":"Input Frame"},{"__meta":{"schema_version":-1,"schema_name":"ColumnSpecsBase","schema_type":"Iced"},"name":"checksum","type":"long","format":"%d","description":"Checksum"},{"__meta":{"schema_version":-1,"schema_name":"ColumnSpecsBase","schema_type":"Iced"},"name":"espc","type":"string","format":"%d","description":"ESPC"}],"rowcount":3,"data":[["","",""],["training_frame","validation_frame","calibration_frame"],[-2179745379886021960,-1,-1],["[0, 918, 1835, 2752, 3669, 4586, 5503, 6420]","-1","-1"]]}],"training_metrics":{"__meta":{"schema_version":3,"schema_name":"ModelMetricsRegressionV3","schema_type":"ModelMetricsRegression"},"model":{"__meta":{"schema_version":3,"schema_name":"ModelKeyV3","schema_type":"Key<Model>"},"name":"DRF_model_R_1598476777072_149","type":"Key<Model>","URL":"/3/Models/DRF_model_R_1598476777072_149"},"model_checksum":-2321113878482664600,"frame":{"__meta":{"schema_version":3,"schema_name":"FrameKeyV3","schema_type":"Key<Frame>"},"name":"askmusic_final_sid_96c3_11","type":"Key<Frame>","URL":"/3/Frames/askmusic_final_sid_96c3_11"},"frame_checksum":4461929568821477780,"description":"Metrics reported on Out-Of-Bag training samples","model_category":"Regression","scoring_time":1598553832199,"predictions":null,"MSE":9.501320219818737E-4,"RMSE":0.03082421161979449,"nobs":6420,"custom_metric_name":null,"custom_metric_value":0.0,"r2":0.979009085831979,"mean_residual_deviance":9.501320219818737E-4,"mae":0.02260068646793834,"rmsle":0.022035397576665},"validation_metrics":null,"cross_validation_metrics":null,"cross_validation_metrics_summary":null,"status":null,"start_time":1598553807795,"end_time":1598553832209,"run_time":24414,"default_threshold":0.5,"help":{"validation_metrics":"Validation data model metrics", "cross_validation_metrics_summary":"Cross-validation model metrics summary", "start_time":"Start time in milliseconds", "run_time":"Runtime in milliseconds", "status":"Job status", "domains":"Domains for categorical columns", "reproducibility_information_table":"Model reproducibility information", "model_category":"Category of the model (e.g., Binomial)", "default_threshold":"Default threshold used for predictions", "__meta":"Metadata on this schema instance, to make it self-describing.", "variable_importances":"Variable Importances", "model_summary":"Model summary", "scoring_history":"Scoring history", "help":"Help information for output fields", "end_time":"End time in milliseconds", "names":"Column names", "column_types":"Column types", "original_names":"Original column names", "cross_validation_fold_assignment_frame_id":"Cross-validation fold assignment (each row is assigned to one holdout fold)", "training_metrics":"Training data model metrics", "cross_validation_models":"Cross-validation models (model ids)", "cross_validation_metrics":"Cross-validation model metrics", "cross_validation_predictions":"Cross-validation predictions, one per cv model (deprecated, use cross_validation_holdout_predictions_frame_id instead)", "init_f":"The Intercept term, the initial model function value to which trees make adjustments", "cross_validation_holdout_predictions_frame_id":"Cross-validation holdout predictions (full out-of-sample predictions on training data)"},"variable_importances":{"__meta":{"schema_version":3,"schema_name":"TwoDimTableV3","schema_type":"TwoDimTable"},"name":"Variable Importances","description":"","columns":[{"__meta":{"schema_version":-1,"schema_name":"ColumnSpecsBase","schema_type":"Iced"},"name":"variable","type":"string","format":"%s","description":"Variable"},{"__meta":{"schema_version":-1,"schema_name":"ColumnSpecsBase","schema_type":"Iced"},"name":"relative_importance","type":"double","format":"%5f","description":"Relative Importance"},{"__meta":{"schema_version":-1,"schema_name":"ColumnSpecsBase","schema_type":"Iced"},"name":"scaled_importance","type":"double","format":"%5f","description":"Scaled Importance"},{"__meta":{"schema_version":-1,"schema_name":"ColumnSpecsBase","schema_type":"Iced"},"name":"percentage","type":"double","format":"%5f","description":"Percentage"}],"rowcount":10,"data":[["diab","bxgs","bxgs1","poscores","mi","psa","totcores","wgt","age_rc","bxgs2"],[35076.109375,29385.595703125,24495.9140625,22784.1328125,21992.46484375,20771.287109375,18269.0546875,13200.0693359375,11700.5087890625,4621.0322265625],[1.0,0.8377666801344041,0.6983646276333918,0.6495627142940508,0.6269927091578982,0.5921776240149211,0.5208403957287523,0.37632649604364793,0.33357487468099506,0.13174300995469226],[0.17338988453351412,0.14526026793452979,0.1210893621476444,0.11262760402872149,0.10871419344424317,0.10267760985127791,0.09030845607579817,0.06525120769591007,0.05783850900421917,0.022842905284141696]]},"init_f":0.0},"compatible_frames":null}
