{"__meta":{"schema_version":3,"schema_name":"DRFModelV3","schema_type":"DRFModel"},"model_id":{"__meta":{"schema_version":3,"schema_name":"ModelKeyV3","schema_type":"Key<Model>"},"name":"DRF_model_R_1597414894646_541","type":"Key<Model>","URL":"/3/Models/DRF_model_R_1597414894646_541"},"algo":"drf","algo_full_name":"Distributed Random Forest","response_column_name":"primary_tx","data_frame":{"__meta":{"schema_version":3,"schema_name":"FrameKeyV3","schema_type":"Key<Frame>"},"name":"complete_data_selectedvars_sid_96fa_4","type":"Key<Frame>","URL":"/3/Frames/complete_data_selectedvars_sid_96fa_4"},"timestamp":1597772278129,"have_pojo":true,"have_mojo":true,"algo":"drf","algo_full_name":"Distributed Random Forest","model_id":{"__meta":{"schema_version":3,"schema_name":"ModelKeyV3","schema_type":"Key<Model>"},"name":"DRF_model_R_1597414894646_541","type":"Key<Model>","URL":"/3/Models/DRF_model_R_1597414894646_541"},"parameters":[{"__meta":{"schema_version":3,"schema_name":"ModelParameterSchemaV3","schema_type":"Iced"},"name":"model_id","label":"model_id","help":"Destination id for this model; auto-generated if not specified.","required":false,"type":"Key<Model>","default_value":null,"actual_value":{"__meta":{"schema_version":3,"schema_name":"ModelKeyV3","schema_type":"Key<Model>"},"name":"DRF_model_R_1597414894646_541","type":"Key<Model>","URL":"/3/Models/DRF_model_R_1597414894646_541"},"level":"critical","values":[],"is_member_of_frames":[],"is_mutually_exclusive_with":[],"gridable":false},{"__meta":{"schema_version":3,"schema_name":"ModelParameterSchemaV3","schema_type":"Iced"},"name":"training_frame","label":"training_frame","help":"Id of the training data frame.","required":false,"type":"Key<Frame>","default_value":null,"actual_value":{"__meta":{"schema_version":3,"schema_name":"FrameKeyV3","schema_type":"Key<Frame>"},"name":"complete_data_selectedvars_sid_96fa_4","type":"Key<Frame>","URL":"/3/Frames/complete_data_selectedvars_sid_96fa_4"},"level":"critical","values":[],"is_member_of_frames":[],"is_mutually_exclusive_with":[],"gridable":false},{"__meta":{"schema_version":3,"schema_name":"ModelParameterSchemaV3","schema_type":"Iced"},"name":"validation_frame","label":"validation_frame","help":"Id of the validation data frame.","required":false,"type":"Key<Frame>","default_value":null,"actual_value":null,"level":"critical","values":[],"is_member_of_frames":[],"is_mutually_exclusive_with":[],"gridable":true},{"__meta":{"schema_version":3,"schema_name":"ModelParameterSchemaV3","schema_type":"Iced"},"name":"nfolds","label":"nfolds","help":"Number of folds for K-fold cross-validation (0 to disable or >= 2).","required":false,"type":"int","default_value":0,"actual_value":0,"level":"critical","values":[],"is_member_of_frames":[],"is_mutually_exclusive_with":[],"gridable":false},{"__meta":{"schema_version":3,"schema_name":"ModelParameterSchemaV3","schema_type":"Iced"},"name":"keep_cross_validation_models","label":"keep_cross_validation_models","help":"Whether to keep the cross-validation models.","required":false,"type":"boolean","default_value":true,"actual_value":true,"level":"expert","values":[],"is_member_of_frames":[],"is_mutually_exclusive_with":[],"gridable":false},{"__meta":{"schema_version":3,"schema_name":"ModelParameterSchemaV3","schema_type":"Iced"},"name":"keep_cross_validation_predictions","label":"keep_cross_validation_predictions","help":"Whether to keep the predictions of the cross-validation models.","required":false,"type":"boolean","default_value":false,"actual_value":false,"level":"expert","values":[],"is_member_of_frames":[],"is_mutually_exclusive_with":[],"gridable":false},{"__meta":{"schema_version":3,"schema_name":"ModelParameterSchemaV3","schema_type":"Iced"},"name":"keep_cross_validation_fold_assignment","label":"keep_cross_validation_fold_assignment","help":"Whether to keep the cross-validation fold assignment.","required":false,"type":"boolean","default_value":false,"actual_value":false,"level":"expert","values":[],"is_member_of_frames":[],"is_mutually_exclusive_with":[],"gridable":false},{"__meta":{"schema_version":3,"schema_name":"ModelParameterSchemaV3","schema_type":"Iced"},"name":"score_each_iteration","label":"score_each_iteration","help":"Whether to score during each iteration of model training.","required":false,"type":"boolean","default_value":false,"actual_value":false,"level":"secondary","values":[],"is_member_of_frames":[],"is_mutually_exclusive_with":[],"gridable":false},{"__meta":{"schema_version":3,"schema_name":"ModelParameterSchemaV3","schema_type":"Iced"},"name":"score_tree_interval","label":"score_tree_interval","help":"Score the model after every so many trees. Disabled if set to 0.","required":false,"type":"int","default_value":0,"actual_value":0,"level":"secondary","values":[],"is_member_of_frames":[],"is_mutually_exclusive_with":[],"gridable":false},{"__meta":{"schema_version":3,"schema_name":"ModelParameterSchemaV3","schema_type":"Iced"},"name":"fold_assignment","label":"fold_assignment","help":"Cross-validation fold assignment scheme, if fold_column is not specified. The 'Stratified' option will stratify the folds based on the response variable, for classification problems.","required":false,"type":"enum","default_value":"AUTO","actual_value":"AUTO","level":"secondary","values":["AUTO","Random","Modulo","Stratified"],"is_member_of_frames":[],"is_mutually_exclusive_with":[],"gridable":true},{"__meta":{"schema_version":3,"schema_name":"ModelParameterSchemaV3","schema_type":"Iced"},"name":"fold_column","label":"fold_column","help":"Column with cross-validation fold index assignment per observation.","required":false,"type":"VecSpecifier","default_value":null,"actual_value":null,"level":"secondary","values":[],"is_member_of_frames":["training_frame"],"is_mutually_exclusive_with":["response_column","weights_column","ignored_columns","offset_column"],"gridable":true},{"__meta":{"schema_version":3,"schema_name":"ModelParameterSchemaV3","schema_type":"Iced"},"name":"response_column","label":"response_column","help":"Response variable column.","required":false,"type":"VecSpecifier","default_value":null,"actual_value":{"__meta":{"schema_version":3,"schema_name":"ColSpecifierV3","schema_type":"VecSpecifier"},"column_name":"primary_tx","is_member_of_frames":null},"level":"critical","values":[],"is_member_of_frames":["training_frame","validation_frame"],"is_mutually_exclusive_with":["weights_column","ignored_columns","offset_column","fold_column"],"gridable":true},{"__meta":{"schema_version":3,"schema_name":"ModelParameterSchemaV3","schema_type":"Iced"},"name":"ignored_columns","label":"ignored_columns","help":"Names of columns to ignore for training.","required":false,"type":"string[]","default_value":null,"actual_value":["bxdate","practice"],"level":"critical","values":[],"is_member_of_frames":["training_frame","validation_frame"],"is_mutually_exclusive_with":["response_column","weights_column","offset_column","fold_column"],"gridable":false},{"__meta":{"schema_version":3,"schema_name":"ModelParameterSchemaV3","schema_type":"Iced"},"name":"ignore_const_cols","label":"ignore_const_cols","help":"Ignore constant columns.","required":false,"type":"boolean","default_value":true,"actual_value":true,"level":"critical","values":[],"is_member_of_frames":[],"is_mutually_exclusive_with":[],"gridable":false},{"__meta":{"schema_version":3,"schema_name":"ModelParameterSchemaV3","schema_type":"Iced"},"name":"offset_column","label":"offset_column","help":"Offset column. This will be added to the combination of columns before applying the link function.","required":false,"type":"VecSpecifier","default_value":null,"actual_value":null,"level":"secondary","values":[],"is_member_of_frames":["training_frame","validation_frame"],"is_mutually_exclusive_with":["response_column","weights_column","ignored_columns","fold_column"],"gridable":true},{"__meta":{"schema_version":3,"schema_name":"ModelParameterSchemaV3","schema_type":"Iced"},"name":"weights_column","label":"weights_column","help":"Column with observation weights. Giving some observation a weight of zero is equivalent to excluding it from the dataset; giving an observation a relative weight of 2 is equivalent to repeating that row twice. Negative weights are not allowed. Note: Weights are per-row observation weights and do not increase the size of the data frame. This is typically the number of times a row is repeated, but non-integer values are supported as well. During training, rows with higher weights matter more, due to the larger loss function pre-factor.","required":false,"type":"VecSpecifier","default_value":null,"actual_value":null,"level":"secondary","values":[],"is_member_of_frames":["training_frame","validation_frame"],"is_mutually_exclusive_with":["response_column","ignored_columns","offset_column","fold_column"],"gridable":true},{"__meta":{"schema_version":3,"schema_name":"ModelParameterSchemaV3","schema_type":"Iced"},"name":"balance_classes","label":"balance_classes","help":"Balance training data class counts via over/under-sampling (for imbalanced data).","required":false,"type":"boolean","default_value":false,"actual_value":false,"level":"secondary","values":[],"is_member_of_frames":[],"is_mutually_exclusive_with":[],"gridable":true},{"__meta":{"schema_version":3,"schema_name":"ModelParameterSchemaV3","schema_type":"Iced"},"name":"class_sampling_factors","label":"class_sampling_factors","help":"Desired over/under-sampling ratios per class (in lexicographic order). If not specified, sampling factors will be automatically computed to obtain class balance during training. Requires balance_classes.","required":false,"type":"float[]","default_value":null,"actual_value":null,"level":"expert","values":[],"is_member_of_frames":[],"is_mutually_exclusive_with":[],"gridable":true},{"__meta":{"schema_version":3,"schema_name":"ModelParameterSchemaV3","schema_type":"Iced"},"name":"max_after_balance_size","label":"max_after_balance_size","help":"Maximum relative size of the training data after balancing class counts (can be less than 1.0). Requires balance_classes.","required":false,"type":"float","default_value":5.0,"actual_value":5.0,"level":"expert","values":[],"is_member_of_frames":[],"is_mutually_exclusive_with":[],"gridable":true},{"__meta":{"schema_version":3,"schema_name":"ModelParameterSchemaV3","schema_type":"Iced"},"name":"max_confusion_matrix_size","label":"max_confusion_matrix_size","help":"[Deprecated] Maximum size (# classes) for confusion matrices to be printed in the Logs","required":false,"type":"int","default_value":20,"actual_value":20,"level":"secondary","values":[],"is_member_of_frames":[],"is_mutually_exclusive_with":[],"gridable":false},{"__meta":{"schema_version":3,"schema_name":"ModelParameterSchemaV3","schema_type":"Iced"},"name":"max_hit_ratio_k","label":"max_hit_ratio_k","help":"Max. number (top K) of predictions to use for hit ratio computation (for multi-class only, 0 to disable)","required":false,"type":"int","default_value":0,"actual_value":0,"level":"secondary","values":[],"is_member_of_frames":[],"is_mutually_exclusive_with":[],"gridable":false},{"__meta":{"schema_version":3,"schema_name":"ModelParameterSchemaV3","schema_type":"Iced"},"name":"ntrees","label":"ntrees","help":"Number of trees.","required":false,"type":"int","default_value":50,"actual_value":1000,"level":"critical","values":[],"is_member_of_frames":[],"is_mutually_exclusive_with":[],"gridable":true},{"__meta":{"schema_version":3,"schema_name":"ModelParameterSchemaV3","schema_type":"Iced"},"name":"max_depth","label":"max_depth","help":"Maximum tree depth.","required":false,"type":"int","default_value":20,"actual_value":20,"level":"critical","values":[],"is_member_of_frames":[],"is_mutually_exclusive_with":[],"gridable":true},{"__meta":{"schema_version":3,"schema_name":"ModelParameterSchemaV3","schema_type":"Iced"},"name":"min_rows","label":"min_rows","help":"Fewest allowed (weighted) observations in a leaf.","required":false,"type":"double","default_value":1.0,"actual_value":1.0,"level":"critical","values":[],"is_member_of_frames":[],"is_mutually_exclusive_with":[],"gridable":true},{"__meta":{"schema_version":3,"schema_name":"ModelParameterSchemaV3","schema_type":"Iced"},"name":"nbins","label":"nbins","help":"For numerical columns (real/int), build a histogram of (at least) this many bins, then split at the best point","required":false,"type":"int","default_value":20,"actual_value":20,"level":"critical","values":[],"is_member_of_frames":[],"is_mutually_exclusive_with":[],"gridable":true},{"__meta":{"schema_version":3,"schema_name":"ModelParameterSchemaV3","schema_type":"Iced"},"name":"nbins_top_level","label":"nbins_top_level","help":"For numerical columns (real/int), build a histogram of (at most) this many bins at the root level, then decrease by factor of two per level","required":false,"type":"int","default_value":1024,"actual_value":1024,"level":"secondary","values":[],"is_member_of_frames":[],"is_mutually_exclusive_with":[],"gridable":true},{"__meta":{"schema_version":3,"schema_name":"ModelParameterSchemaV3","schema_type":"Iced"},"name":"nbins_cats","label":"nbins_cats","help":"For categorical columns (factors), build a histogram of this many bins, then split at the best point. Higher values can lead to more overfitting.","required":false,"type":"int","default_value":1024,"actual_value":1024,"level":"secondary","values":[],"is_member_of_frames":[],"is_mutually_exclusive_with":[],"gridable":true},{"__meta":{"schema_version":3,"schema_name":"ModelParameterSchemaV3","schema_type":"Iced"},"name":"r2_stopping","label":"r2_stopping","help":"r2_stopping is no longer supported and will be ignored if set - please use stopping_rounds, stopping_metric and stopping_tolerance instead. Previous version of H2O would stop making trees when the R^2 metric equals or exceeds this","required":false,"type":"double","default_value":1.7976931348623157E308,"actual_value":1.7976931348623157E308,"level":"secondary","values":[],"is_member_of_frames":[],"is_mutually_exclusive_with":[],"gridable":true},{"__meta":{"schema_version":3,"schema_name":"ModelParameterSchemaV3","schema_type":"Iced"},"name":"stopping_rounds","label":"stopping_rounds","help":"Early stopping based on convergence of stopping_metric. Stop if simple moving average of length k of the stopping_metric does not improve for k:=stopping_rounds scoring events (0 to disable)","required":false,"type":"int","default_value":0,"actual_value":0,"level":"secondary","values":[],"is_member_of_frames":[],"is_mutually_exclusive_with":[],"gridable":true},{"__meta":{"schema_version":3,"schema_name":"ModelParameterSchemaV3","schema_type":"Iced"},"name":"stopping_metric","label":"stopping_metric","help":"Metric to use for early stopping (AUTO: logloss for classification, deviance for regression and anonomaly_score for Isolation Forest). Note that custom and custom_increasing can only be used in GBM and DRF with the Python client.","required":false,"type":"enum","default_value":"AUTO","actual_value":"AUTO","level":"secondary","values":["AUTO","deviance","logloss","MSE","RMSE","MAE","RMSLE","AUC","AUCPR","lift_top_group","misclassification","mean_per_class_error","anomaly_score","custom","custom_increasing"],"is_member_of_frames":[],"is_mutually_exclusive_with":[],"gridable":true},{"__meta":{"schema_version":3,"schema_name":"ModelParameterSchemaV3","schema_type":"Iced"},"name":"stopping_tolerance","label":"stopping_tolerance","help":"Relative tolerance for metric-based stopping criterion (stop if relative improvement is not at least this much)","required":false,"type":"double","default_value":0.001,"actual_value":0.001,"level":"secondary","values":[],"is_member_of_frames":[],"is_mutually_exclusive_with":[],"gridable":true},{"__meta":{"schema_version":3,"schema_name":"ModelParameterSchemaV3","schema_type":"Iced"},"name":"max_runtime_secs","label":"max_runtime_secs","help":"Maximum allowed runtime in seconds for model training. Use 0 to disable.","required":false,"type":"double","default_value":0.0,"actual_value":0.0,"level":"secondary","values":[],"is_member_of_frames":[],"is_mutually_exclusive_with":[],"gridable":true},{"__meta":{"schema_version":3,"schema_name":"ModelParameterSchemaV3","schema_type":"Iced"},"name":"seed","label":"seed","help":"Seed for pseudo random number generator (if applicable)","required":false,"type":"long","default_value":-1,"actual_value":1234,"level":"critical","values":[],"is_member_of_frames":[],"is_mutually_exclusive_with":[],"gridable":true},{"__meta":{"schema_version":3,"schema_name":"ModelParameterSchemaV3","schema_type":"Iced"},"name":"build_tree_one_node","label":"build_tree_one_node","help":"Run on one node only; no network overhead but fewer cpus used. Suitable for small datasets.","required":false,"type":"boolean","default_value":false,"actual_value":false,"level":"expert","values":[],"is_member_of_frames":[],"is_mutually_exclusive_with":[],"gridable":false},{"__meta":{"schema_version":3,"schema_name":"ModelParameterSchemaV3","schema_type":"Iced"},"name":"mtries","label":"mtries","help":"Number of variables randomly sampled as candidates at each split. If set to -1, defaults to sqrt{p} for classification and p/3 for regression (where p is the # of predictors","required":false,"type":"int","default_value":-1,"actual_value":-1,"level":"critical","values":[],"is_member_of_frames":[],"is_mutually_exclusive_with":[],"gridable":true},{"__meta":{"schema_version":3,"schema_name":"ModelParameterSchemaV3","schema_type":"Iced"},"name":"sample_rate","label":"sample_rate","help":"Row sample rate per tree (from 0.0 to 1.0)","required":false,"type":"double","default_value":0.632,"actual_value":0.632,"level":"critical","values":[],"is_member_of_frames":[],"is_mutually_exclusive_with":[],"gridable":true},{"__meta":{"schema_version":3,"schema_name":"ModelParameterSchemaV3","schema_type":"Iced"},"name":"sample_rate_per_class","label":"sample_rate_per_class","help":"A list of row sample rates per class (relative fraction for each class, from 0.0 to 1.0), for each tree","required":false,"type":"double[]","default_value":null,"actual_value":null,"level":"expert","values":[],"is_member_of_frames":[],"is_mutually_exclusive_with":[],"gridable":true},{"__meta":{"schema_version":3,"schema_name":"ModelParameterSchemaV3","schema_type":"Iced"},"name":"binomial_double_trees","label":"binomial_double_trees","help":"For binary classification: Build 2x as many trees (one per class) - can lead to higher accuracy.","required":false,"type":"boolean","default_value":false,"actual_value":false,"level":"expert","values":[],"is_member_of_frames":[],"is_mutually_exclusive_with":[],"gridable":false},{"__meta":{"schema_version":3,"schema_name":"ModelParameterSchemaV3","schema_type":"Iced"},"name":"checkpoint","label":"checkpoint","help":"Model checkpoint to resume training with.","required":false,"type":"Key<Model>","default_value":null,"actual_value":null,"level":"secondary","values":[],"is_member_of_frames":[],"is_mutually_exclusive_with":[],"gridable":false},{"__meta":{"schema_version":3,"schema_name":"ModelParameterSchemaV3","schema_type":"Iced"},"name":"col_sample_rate_change_per_level","label":"col_sample_rate_change_per_level","help":"Relative change of the column sampling rate for every level (must be > 0.0 and <= 2.0)","required":false,"type":"double","default_value":1.0,"actual_value":1.0,"level":"expert","values":[],"is_member_of_frames":[],"is_mutually_exclusive_with":[],"gridable":true},{"__meta":{"schema_version":3,"schema_name":"ModelParameterSchemaV3","schema_type":"Iced"},"name":"col_sample_rate_per_tree","label":"col_sample_rate_per_tree","help":"Column sample rate per tree (from 0.0 to 1.0)","required":false,"type":"double","default_value":1.0,"actual_value":1.0,"level":"secondary","values":[],"is_member_of_frames":[],"is_mutually_exclusive_with":[],"gridable":true},{"__meta":{"schema_version":3,"schema_name":"ModelParameterSchemaV3","schema_type":"Iced"},"name":"min_split_improvement","label":"min_split_improvement","help":"Minimum relative improvement in squared error reduction for a split to happen","required":false,"type":"double","default_value":1.0E-5,"actual_value":1.0E-5,"level":"secondary","values":[],"is_member_of_frames":[],"is_mutually_exclusive_with":[],"gridable":true},{"__meta":{"schema_version":3,"schema_name":"ModelParameterSchemaV3","schema_type":"Iced"},"name":"histogram_type","label":"histogram_type","help":"What type of histogram to use for finding optimal split points","required":false,"type":"enum","default_value":"AUTO","actual_value":"AUTO","level":"secondary","values":["AUTO","UniformAdaptive","Random","QuantilesGlobal","RoundRobin"],"is_member_of_frames":[],"is_mutually_exclusive_with":[],"gridable":true},{"__meta":{"schema_version":3,"schema_name":"ModelParameterSchemaV3","schema_type":"Iced"},"name":"categorical_encoding","label":"categorical_encoding","help":"Encoding scheme for categorical features","required":false,"type":"enum","default_value":"AUTO","actual_value":"AUTO","level":"secondary","values":["AUTO","Enum","OneHotInternal","OneHotExplicit","Binary","Eigen","LabelEncoder","SortByResponse","EnumLimited"],"is_member_of_frames":[],"is_mutually_exclusive_with":[],"gridable":true},{"__meta":{"schema_version":3,"schema_name":"ModelParameterSchemaV3","schema_type":"Iced"},"name":"calibrate_model","label":"calibrate_model","help":"Use Platt Scaling to calculate calibrated class probabilities. Calibration can provide more accurate estimates of class probabilities.","required":false,"type":"boolean","default_value":false,"actual_value":false,"level":"expert","values":[],"is_member_of_frames":[],"is_mutually_exclusive_with":[],"gridable":false},{"__meta":{"schema_version":3,"schema_name":"ModelParameterSchemaV3","schema_type":"Iced"},"name":"calibration_frame","label":"calibration_frame","help":"Calibration frame for Platt Scaling","required":false,"type":"Key<Frame>","default_value":null,"actual_value":null,"level":"expert","values":[],"is_member_of_frames":[],"is_mutually_exclusive_with":[],"gridable":false},{"__meta":{"schema_version":3,"schema_name":"ModelParameterSchemaV3","schema_type":"Iced"},"name":"distribution","label":"distribution","help":"Distribution function","required":false,"type":"enum","default_value":"AUTO","actual_value":"multinomial","level":"secondary","values":["AUTO","bernoulli","quasibinomial","ordinal","multinomial","gaussian","poisson","gamma","tweedie","laplace","quantile","huber","custom"],"is_member_of_frames":[],"is_mutually_exclusive_with":[],"gridable":true},{"__meta":{"schema_version":3,"schema_name":"ModelParameterSchemaV3","schema_type":"Iced"},"name":"custom_metric_func","label":"custom_metric_func","help":"Reference to custom evaluation function, format: `language:keyName=funcName`","required":false,"type":"string","default_value":null,"actual_value":null,"level":"secondary","values":[],"is_member_of_frames":[],"is_mutually_exclusive_with":[],"gridable":false},{"__meta":{"schema_version":3,"schema_name":"ModelParameterSchemaV3","schema_type":"Iced"},"name":"export_checkpoints_dir","label":"export_checkpoints_dir","help":"Automatically export generated models to this directory.","required":false,"type":"string","default_value":null,"actual_value":null,"level":"secondary","values":[],"is_member_of_frames":[],"is_mutually_exclusive_with":[],"gridable":false},{"__meta":{"schema_version":3,"schema_name":"ModelParameterSchemaV3","schema_type":"Iced"},"name":"check_constant_response","label":"check_constant_response","help":"Check if response column is constant. If enabled, then an exception is thrown if the response column is a constant value.If disabled, then model will train regardless of the response column being a constant value or not.","required":false,"type":"boolean","default_value":true,"actual_value":true,"level":"expert","values":[],"is_member_of_frames":[],"is_mutually_exclusive_with":[],"gridable":false}],"output":{"__meta":{"schema_version":3,"schema_name":"DRFModelOutputV3","schema_type":"DRFOutput"},"names":["age_rc","psa","bxgs","bxgs1","bxgs2","totcores","poscores","wgt","mi","diab","primary_tx"],"original_names":null,"column_types":["Numeric","Numeric","Numeric","Numeric","Numeric","Numeric","Numeric","Numeric","Enum","Enum","Enum"],"domains":[null,null,null,null,null,null,null,null,["No","Yes"],["No","Yes"],["Active_surveillance","Androgen_deprivation_therapy","Radiation","Radical_prostatectomy","Watchful_waiting"]],"cross_validation_models":null,"cross_validation_predictions":null,"cross_validation_holdout_predictions_frame_id":null,"cross_validation_fold_assignment_frame_id":null,"model_category":"Multinomial","model_summary":{"__meta":{"schema_version":3,"schema_name":"TwoDimTableV3","schema_type":"TwoDimTable"},"name":"Model Summary","description":"","columns":[{"__meta":{"schema_version":-1,"schema_name":"ColumnSpecsBase","schema_type":"Iced"},"name":"","type":"string","format":"%s","description":""},{"__meta":{"schema_version":-1,"schema_name":"ColumnSpecsBase","schema_type":"Iced"},"name":"number_of_trees","type":"long","format":"%d","description":"Number of Trees"},{"__meta":{"schema_version":-1,"schema_name":"ColumnSpecsBase","schema_type":"Iced"},"name":"number_of_internal_trees","type":"long","format":"%d","description":"Number of Internal Trees"},{"__meta":{"schema_version":-1,"schema_name":"ColumnSpecsBase","schema_type":"Iced"},"name":"model_size_in_bytes","type":"long","format":"%d","description":"Model Size in Bytes"},{"__meta":{"schema_version":-1,"schema_name":"ColumnSpecsBase","schema_type":"Iced"},"name":"min_depth","type":"long","format":"%d","description":"Min. Depth"},{"__meta":{"schema_version":-1,"schema_name":"ColumnSpecsBase","schema_type":"Iced"},"name":"max_depth","type":"long","format":"%d","description":"Max. Depth"},{"__meta":{"schema_version":-1,"schema_name":"ColumnSpecsBase","schema_type":"Iced"},"name":"mean_depth","type":"double","format":"%.5f","description":"Mean Depth"},{"__meta":{"schema_version":-1,"schema_name":"ColumnSpecsBase","schema_type":"Iced"},"name":"min_leaves","type":"long","format":"%d","description":"Min. Leaves"},{"__meta":{"schema_version":-1,"schema_name":"ColumnSpecsBase","schema_type":"Iced"},"name":"max_leaves","type":"long","format":"%d","description":"Max. Leaves"},{"__meta":{"schema_version":-1,"schema_name":"ColumnSpecsBase","schema_type":"Iced"},"name":"mean_leaves","type":"double","format":"%.5f","description":"Mean Leaves"}],"rowcount":1,"data":[[""],[1000],[5000],[41130482],[15],[20],[19.854],[115],[1224],[649.8824]]},"scoring_history":{"__meta":{"schema_version":3,"schema_name":"TwoDimTableV3","schema_type":"TwoDimTable"},"name":"Scoring History","description":"","columns":[{"__meta":{"schema_version":-1,"schema_name":"ColumnSpecsBase","schema_type":"Iced"},"name":"","type":"string","format":"%s","description":""},{"__meta":{"schema_version":-1,"schema_name":"ColumnSpecsBase","schema_type":"Iced"},"name":"timestamp","type":"string","format":"%s","description":"Timestamp"},{"__meta":{"schema_version":-1,"schema_name":"ColumnSpecsBase","schema_type":"Iced"},"name":"duration","type":"string","format":"%s","description":"Duration"},{"__meta":{"schema_version":-1,"schema_name":"ColumnSpecsBase","schema_type":"Iced"},"name":"number_of_trees","type":"long","format":"%d","description":"Number of Trees"},{"__meta":{"schema_version":-1,"schema_name":"ColumnSpecsBase","schema_type":"Iced"},"name":"training_rmse","type":"double","format":"%.5f","description":"Training RMSE"},{"__meta":{"schema_version":-1,"schema_name":"ColumnSpecsBase","schema_type":"Iced"},"name":"training_logloss","type":"double","format":"%.5f","description":"Training LogLoss"},{"__meta":{"schema_version":-1,"schema_name":"ColumnSpecsBase","schema_type":"Iced"},"name":"training_classification_error","type":"double","format":"%.5f","description":"Training Classification Error"}],"rowcount":144,"data":[["","","","","","","","","","","","","","","","","","","","","","","","","","","","","","","","","","","","","","","","","","","","","","","","","","","","","","","","","","","","","","","","","","","","","","","","","","","","","","","","","","","","","","","","","","","","","","","","","","","","","","","","","","","","","","","","","","","","","","","","","","","","","","","","","","","","","","","","","","","","","","","",""],["2020-08-18 13:37:31","2020-08-18 13:37:31","2020-08-18 13:37:31","2020-08-18 13:37:31","2020-08-18 13:37:31","2020-08-18 13:37:31","2020-08-18 13:37:31","2020-08-18 13:37:31","2020-08-18 13:37:31","2020-08-18 13:37:31","2020-08-18 13:37:31","2020-08-18 13:37:31","2020-08-18 13:37:31","2020-08-18 13:37:31","2020-08-18 13:37:31","2020-08-18 13:37:31","2020-08-18 13:37:31","2020-08-18 13:37:31","2020-08-18 13:37:31","2020-08-18 13:37:31","2020-08-18 13:37:31","2020-08-18 13:37:31","2020-08-18 13:37:31","2020-08-18 13:37:31","2020-08-18 13:37:32","2020-08-18 13:37:32","2020-08-18 13:37:32","2020-08-18 13:37:32","2020-08-18 13:37:32","2020-08-18 13:37:32","2020-08-18 13:37:32","2020-08-18 13:37:32","2020-08-18 13:37:32","2020-08-18 13:37:32","2020-08-18 13:37:32","2020-08-18 13:37:32","2020-08-18 13:37:32","2020-08-18 13:37:32","2020-08-18 13:37:32","2020-08-18 13:37:32","2020-08-18 13:37:32","2020-08-18 13:37:32","2020-08-18 13:37:32","2020-08-18 13:37:32","2020-08-18 13:37:32","2020-08-18 13:37:32","2020-08-18 13:37:32","2020-08-18 13:37:32","2020-08-18 13:37:32","2020-08-18 13:37:32","2020-08-18 13:37:32","2020-08-18 13:37:32","2020-08-18 13:37:32","2020-08-18 13:37:32","2020-08-18 13:37:32","2020-08-18 13:37:32","2020-08-18 13:37:32","2020-08-18 13:37:32","2020-08-18 13:37:32","2020-08-18 13:37:32","2020-08-18 13:37:32","2020-08-18 13:37:32","2020-08-18 13:37:33","2020-08-18 13:37:33","2020-08-18 13:37:33","2020-08-18 13:37:33","2020-08-18 13:37:33","2020-08-18 13:37:33","2020-08-18 13:37:33","2020-08-18 13:37:33","2020-08-18 13:37:33","2020-08-18 13:37:33","2020-08-18 13:37:33","2020-08-18 13:37:33","2020-08-18 13:37:33","2020-08-18 13:37:33","2020-08-18 13:37:33","2020-08-18 13:37:33","2020-08-18 13:37:33","2020-08-18 13:37:33","2020-08-18 13:37:33","2020-08-18 13:37:33","2020-08-18 13:37:33","2020-08-18 13:37:33","2020-08-18 13:37:33","2020-08-18 13:37:33","2020-08-18 13:37:33","2020-08-18 13:37:33","2020-08-18 13:37:33","2020-08-18 13:37:33","2020-08-18 13:37:33","2020-08-18 13:37:33","2020-08-18 13:37:33","2020-08-18 13:37:33","2020-08-18 13:37:33","2020-08-18 13:37:33","2020-08-18 13:37:33","2020-08-18 13:37:34","2020-08-18 13:37:34","2020-08-18 13:37:34","2020-08-18 13:37:34","2020-08-18 13:37:34","2020-08-18 13:37:34","2020-08-18 13:37:34","2020-08-18 13:37:34","2020-08-18 13:37:34","2020-08-18 13:37:34","2020-08-18 13:37:34","2020-08-18 13:37:34","2020-08-18 13:37:34","2020-08-18 13:37:34","2020-08-18 13:37:34","2020-08-18 13:37:34","2020-08-18 13:37:34","2020-08-18 13:37:34","2020-08-18 13:37:34","2020-08-18 13:37:34","2020-08-18 13:37:34","2020-08-18 13:37:34","2020-08-18 13:37:34","2020-08-18 13:37:34","2020-08-18 13:37:34","2020-08-18 13:37:34","2020-08-18 13:37:34","2020-08-18 13:37:34","2020-08-18 13:37:34","2020-08-18 13:37:34","2020-08-18 13:37:34","2020-08-18 13:37:34","2020-08-18 13:37:34","2020-08-18 13:37:35","2020-08-18 13:37:35","2020-08-18 13:37:35","2020-08-18 13:37:35","2020-08-18 13:37:35","2020-08-18 13:37:35","2020-08-18 13:37:35","2020-08-18 13:37:35","2020-08-18 13:37:39","2020-08-18 13:37:43","2020-08-18 13:37:47","2020-08-18 13:37:51","2020-08-18 13:37:55","2020-08-18 13:37:58"],[" 0.016 sec"," 0.088 sec"," 0.136 sec"," 0.182 sec"," 0.231 sec"," 0.267 sec"," 0.303 sec"," 0.335 sec"," 0.371 sec"," 0.406 sec"," 0.439 sec"," 0.470 sec"," 0.496 sec"," 0.520 sec"," 0.554 sec"," 0.579 sec"," 0.606 sec"," 0.631 sec"," 0.658 sec"," 0.682 sec"," 0.708 sec"," 0.735 sec"," 0.764 sec"," 0.791 sec"," 0.816 sec"," 0.840 sec"," 0.864 sec"," 0.888 sec"," 0.914 sec"," 0.940 sec"," 0.966 sec"," 0.992 sec"," 1.017 sec"," 1.044 sec"," 1.068 sec"," 1.104 sec"," 1.130 sec"," 1.159 sec"," 1.187 sec"," 1.213 sec"," 1.239 sec"," 1.266 sec"," 1.293 sec"," 1.318 sec"," 1.345 sec"," 1.371 sec"," 1.396 sec"," 1.422 sec"," 1.448 sec"," 1.475 sec"," 1.501 sec"," 1.527 sec"," 1.553 sec"," 1.579 sec"," 1.606 sec"," 1.642 sec"," 1.668 sec"," 1.695 sec"," 1.722 sec"," 1.748 sec"," 1.775 sec"," 1.807 sec"," 1.835 sec"," 1.862 sec"," 1.890 sec"," 1.919 sec"," 1.946 sec"," 1.974 sec"," 2.001 sec"," 2.028 sec"," 2.054 sec"," 2.082 sec"," 2.109 sec"," 2.136 sec"," 2.165 sec"," 2.200 sec"," 2.233 sec"," 2.260 sec"," 2.287 sec"," 2.314 sec"," 2.342 sec"," 2.369 sec"," 2.396 sec"," 2.427 sec"," 2.453 sec"," 2.481 sec"," 2.508 sec"," 2.536 sec"," 2.565 sec"," 2.593 sec"," 2.622 sec"," 2.649 sec"," 2.677 sec"," 2.719 sec"," 2.746 sec"," 2.776 sec"," 2.806 sec"," 2.833 sec"," 2.860 sec"," 2.888 sec"," 2.915 sec"," 2.942 sec"," 2.968 sec"," 2.996 sec"," 3.023 sec"," 3.049 sec"," 3.077 sec"," 3.105 sec"," 3.134 sec"," 3.169 sec"," 3.203 sec"," 3.238 sec"," 3.277 sec"," 3.314 sec"," 3.346 sec"," 3.396 sec"," 3.426 sec"," 3.456 sec"," 3.485 sec"," 3.515 sec"," 3.544 sec"," 3.573 sec"," 3.602 sec"," 3.629 sec"," 3.657 sec"," 3.684 sec"," 3.711 sec"," 3.740 sec"," 3.767 sec"," 3.795 sec"," 3.823 sec"," 3.850 sec"," 3.878 sec"," 3.907 sec"," 3.935 sec"," 3.961 sec"," 3.989 sec"," 4.014 sec"," 8.037 sec","12.050 sec","16.196 sec","20.216 sec","24.224 sec","26.916 sec"],[0,1,2,3,4,5,6,7,8,9,10,11,12,13,14,15,16,17,18,19,20,21,22,23,24,25,26,27,28,29,30,31,32,33,34,35,36,37,38,39,40,41,42,43,44,45,46,47,48,49,50,51,52,53,54,55,56,57,58,59,60,61,62,63,64,65,66,67,68,69,70,71,72,73,74,75,76,77,78,79,80,81,82,83,84,85,86,87,88,89,90,91,92,93,94,95,96,97,98,99,100,101,102,103,104,105,106,107,108,109,110,111,112,113,114,115,116,117,118,119,120,121,122,123,124,125,126,127,128,129,130,131,132,133,134,135,136,137,293,447,595,747,897,1000],["NaN",0.6609597215238477,0.6520549470380854,0.640338107074448,0.626160880102831,0.613738639072778,0.6048209581978667,0.5971544963160126,0.5920058863088494,0.5835631488244635,0.5790417062773047,0.5750792139095093,0.5708669654802363,0.5679523678281401,0.5652486660035162,0.5617574025134497,0.5593803616791381,0.5582990346997759,0.5570724196654814,0.5554586273083623,0.5539648427228974,0.5530846452152214,0.5527496878554518,0.5520312023598505,0.5518053485223626,0.551139958081141,0.5510411757723176,0.5504989346830885,0.5496245636430799,0.549108899775121,0.5486431107119931,0.5484571395370914,0.548413901201115,0.5482819215258765,0.5482898974409361,0.5483287525265532,0.547996052055891,0.5474588667482507,0.547473699702856,0.5474573324296836,0.5472912907532754,0.547180122538309,0.5469289737957915,0.5467984091256477,0.5468882711008396,0.5471075979385365,0.5471560882214961,0.5467936110777353,0.5467540576789923,0.5468633400888077,0.5468350058098567,0.5467724902329075,0.5465005092444842,0.5462507205837883,0.5462142566242747,0.5461691745521519,0.5461954772508975,0.5459440643418486,0.5458453014989466,0.5456972382166048,0.5457624705578711,0.5457539087170958,0.5457275240608902,0.54560938775549,0.5456231526946511,0.5455259844189297,0.5455446807886138,0.5454298619996809,0.5453922149836781,0.5454051870326071,0.5453929144566987,0.5453824620104718,0.5453102548180043,0.5452720889087737,0.545196976423255,0.5450690482415562,0.5449061739063426,0.5448177737023281,0.5448564106312193,0.5447239863550578,0.5449149829699241,0.5448278570169192,0.5446619662450672,0.5445480680812278,0.5444768095941235,0.5445521304281414,0.5446640296702586,0.5447532087668561,0.5447440398494421,0.5446847298943853,0.5447219573635342,0.5446051979064043,0.5446225713700896,0.5444574524950153,0.5444240751030359,0.5444400929129829,0.544418013460116,0.5444752714989165,0.5443582152239652,0.5443119232592087,0.5443102042859451,0.5442804765899907,0.5442812735623692,0.5443441833126778,0.5444101887681282,0.5442745556864628,0.5442613796916114,0.5442720996310457,0.5443200566124091,0.5443599566494488,0.5443319538706332,0.5443464571621558,0.5444785028077889,0.5445238870185706,0.5444418196146028,0.5444188296960197,0.5443243483494385,0.5443689967482955,0.5444495289413654,0.5444494030702277,0.5444856989169117,0.5444014153774772,0.5443796675653804,0.544346958042899,0.5443964659750987,0.5443660153584292,0.544430350841411,0.5444339225963724,0.5444696280525267,0.5445016463678731,0.5444305626872498,0.5443300729267982,0.5443116306311591,0.5443166227086687,0.5442290875285901,0.5442223847039376,0.5442379322509275,0.544185026571555,0.5436173017268902,0.5434114647810246,0.5434345099016793,0.5432562975252668,0.543206025525205,0.5430284232935414],["NaN",12.793506475194537,12.128851860720085,11.023978357785959,9.945656793636047,8.974393581070277,8.19586080012338,7.501231775106584,6.922944914995021,6.198904744567807,5.726403801184336,5.320452370274006,4.857609908111923,4.594788467143657,4.297315965826763,4.009153167852969,3.7569712584311326,3.595601763209239,3.421312927821627,3.259940582951298,3.141979256081812,3.0053378246841445,2.90080098971633,2.8250282431153275,2.7612794740644238,2.7002154364809905,2.6311642104851782,2.5809831333776594,2.514842998509524,2.4549507908309,2.3941471302909423,2.3740045395514997,2.3353413408582604,2.3101444456352174,2.2914195837522318,2.272058948878296,2.213721310084427,2.197367903090921,2.1832941390833436,2.1732967908038057,2.1427842096168077,2.1038346855354138,2.0826362981202653,2.048335292887269,2.00070670526198,1.9827319698587023,1.9487402537317744,1.9231742583615936,1.9083710781806684,1.8848387964350215,1.875151626396212,1.8743524566579846,1.8587882955213244,1.8425001417813731,1.8289232089644525,1.8235529255413705,1.808712448965748,1.8025258871418506,1.7971408935619002,1.7826859587338941,1.7730107948664522,1.7581276631397111,1.7485938417011244,1.7432898917940198,1.7247639327696933,1.7049126174238576,1.6860044000347316,1.666756639232075,1.6652007257272559,1.6365660624146905,1.622234658231735,1.6174211597012451,1.6076571749902469,1.6028717642379682,1.6025144576179613,1.601921780963583,1.59652776278463,1.591432952236796,1.5780930516745253,1.5779344698348716,1.5736540617713446,1.5562651922390238,1.5409740562620562,1.5405704975215837,1.5360680863041896,1.5262309297964525,1.5172608742660265,1.5128625874576025,1.5126026995220756,1.5077942702191884,1.499235874932548,1.4989176522503125,1.4990081118228433,1.4892182101789821,1.4845498456466877,1.4843535971164672,1.4790466894912895,1.4746372367661222,1.4697276250396147,1.4693048940627795,1.4562055566015522,1.445822171545118,1.4456519028097992,1.4413382430283261,1.440878783032829,1.4304609350301052,1.4303803135626436,1.4303291583255242,1.4261879677759344,1.4216234920265687,1.4215489803157884,1.4217833435767724,1.4223267764523042,1.4129514518353972,1.4072782560024373,1.407405905191219,1.402279510824444,1.3937626704797381,1.3934336391333202,1.3935593926040728,1.3936604722058943,1.3934101963606038,1.3933522946702597,1.3885750158336359,1.3888237358633186,1.3840059455017806,1.3843543370380058,1.3842688012049515,1.3846555820009199,1.3848055189100328,1.3847340720827548,1.3846474213584006,1.3847430901215423,1.3804425384470034,1.3799626151567315,1.380039045503924,1.3800628606547238,1.3711187381559613,1.1043978957371985,1.0408706545956106,1.0208660349285328,1.002088897537158,0.9865055332148281,0.983283553757132],["NaN",0.4429184549356223,0.4383633046651029,0.4273610250051664,0.41788829096307295,0.4071366405570061,0.4032873983064918,0.39798897178073306,0.3941430628900624,0.3879296689371139,0.385788398050621,0.38461538461538464,0.3821138211382114,0.37936953807740326,0.3778262903477312,0.37412314886983633,0.37213651238896683,0.3678716110937987,0.3668795762579841,0.3643302180685358,0.3632398753894081,0.3632398753894081,0.3637071651090343,0.3632398753894081,0.3643302180685358,0.36121495327102804,0.3598130841121495,0.36230529595015576,0.3587227414330218,0.36105919003115267,0.3590342679127726,0.35965732087227414,0.3602803738317757,0.36043613707165106,0.3598130841121495,0.36043613707165106,0.3587227414330218,0.35623052959501555,0.3573208722741433,0.3560747663551402,0.3557632398753894,0.356386292834891,0.35700934579439253,0.35654205607476636,0.3560747663551402,0.35623052959501555,0.35545171339563864,0.35498442367601246,0.355607476635514,0.35685358255451716,0.35529595015576326,0.35498442367601246,0.35498442367601246,0.3545171339563863,0.35373831775700937,0.3540498442367601,0.35389408099688474,0.3532710280373832,0.35233644859813085,0.3518691588785047,0.3514018691588785,0.3529595015576324,0.35358255451713394,0.35311526479750777,0.35342679127725857,0.35155763239875387,0.3529595015576324,0.3532710280373832,0.3540498442367601,0.35373831775700937,0.3521806853582555,0.35202492211838005,0.35311526479750777,0.35311526479750777,0.352803738317757,0.352803738317757,0.3521806853582555,0.3518691588785047,0.3517133956386293,0.3524922118380062,0.3521806853582555,0.3526479750778816,0.35233644859813085,0.3521806853582555,0.3517133956386293,0.3514018691588785,0.35077881619937695,0.3506230529595016,0.35,0.3485981308411215,0.3487538940809969,0.34922118380062306,0.3482866043613707,0.34781931464174454,0.3490654205607477,0.3485981308411215,0.34890965732087226,0.34937694704049843,0.34922118380062306,0.3501557632398754,0.3506230529595016,0.3506230529595016,0.3506230529595016,0.3510903426791277,0.3514018691588785,0.3514018691588785,0.3514018691588785,0.3514018691588785,0.3509345794392523,0.3506230529595016,0.35077881619937695,0.3498442367601246,0.35046728971962615,0.35,0.3501557632398754,0.3503115264797508,0.3503115264797508,0.3506230529595016,0.34953271028037386,0.34937694704049843,0.34937694704049843,0.34968847352024923,0.34968847352024923,0.34953271028037386,0.34937694704049843,0.34937694704049843,0.34890965732087226,0.34890965732087226,0.34922118380062306,0.34922118380062306,0.3490654205607477,0.34922118380062306,0.34890965732087226,0.3484423676012461,0.34813084112149534,0.3487538940809969,0.34781931464174454,0.34766355140186916,0.34641744548286607,0.3484423676012461,0.35077881619937695,0.3485981308411215,0.34890965732087226,0.347196261682243]]},"training_metrics":{"__meta":{"schema_version":3,"schema_name":"ModelMetricsMultinomialV3","schema_type":"ModelMetricsMultinomial"},"model":{"__meta":{"schema_version":3,"schema_name":"ModelKeyV3","schema_type":"Key<Model>"},"name":"DRF_model_R_1597414894646_541","type":"Key<Model>","URL":"/3/Models/DRF_model_R_1597414894646_541"},"model_checksum":6736792700424013888,"frame":{"__meta":{"schema_version":3,"schema_name":"FrameKeyV3","schema_type":"Key<Frame>"},"name":"complete_data_selectedvars_sid_96fa_4","type":"Key<Frame>","URL":"/3/Frames/complete_data_selectedvars_sid_96fa_4"},"frame_checksum":3810371706709690748,"description":"Metrics reported on Out-Of-Bag training samples","model_category":"Multinomial","scoring_time":1597772278113,"predictions":null,"MSE":0.29487986850466963,"RMSE":0.5430284232935414,"nobs":6420,"custom_metric_name":null,"custom_metric_value":0.0,"r2":0.8388631692890665,"hit_ratio_table":{"__meta":{"schema_version":3,"schema_name":"TwoDimTableV3","schema_type":"TwoDimTable"},"name":"Top-5 Hit Ratios","description":"","columns":[{"__meta":{"schema_version":-1,"schema_name":"ColumnSpecsBase","schema_type":"Iced"},"name":"k","type":"string","format":"%s","description":"K"},{"__meta":{"schema_version":-1,"schema_name":"ColumnSpecsBase","schema_type":"Iced"},"name":"hit_ratio","type":"float","format":"%f","description":"Hit Ratio"}],"rowcount":5,"data":[["1","2","3","4","5"],[0.6528037,0.865109,0.96323985,0.9886293,1.0]]},"cm":{"__meta":{"schema_version":3,"schema_name":"ConfusionMatrixV3","schema_type":"ConfusionMatrix"},"table":{"__meta":{"schema_version":3,"schema_name":"TwoDimTableV3","schema_type":"TwoDimTable"},"name":"Confusion Matrix","description":"Row labels: Actual class; Column labels: Predicted class","columns":[{"__meta":{"schema_version":-1,"schema_name":"ColumnSpecsBase","schema_type":"Iced"},"name":"Active_surveillance","type":"long","format":"%d","description":"Active_surveillance"},{"__meta":{"schema_version":-1,"schema_name":"ColumnSpecsBase","schema_type":"Iced"},"name":"Androgen_deprivation_therapy","type":"long","format":"%d","description":"Androgen_deprivation_therapy"},{"__meta":{"schema_version":-1,"schema_name":"ColumnSpecsBase","schema_type":"Iced"},"name":"Radiation","type":"long","format":"%d","description":"Radiation"},{"__meta":{"schema_version":-1,"schema_name":"ColumnSpecsBase","schema_type":"Iced"},"name":"Radical_prostatectomy","type":"long","format":"%d","description":"Radical_prostatectomy"},{"__meta":{"schema_version":-1,"schema_name":"ColumnSpecsBase","schema_type":"Iced"},"name":"Watchful_waiting","type":"long","format":"%d","description":"Watchful_waiting"},{"__meta":{"schema_version":-1,"schema_name":"ColumnSpecsBase","schema_type":"Iced"},"name":"Error","type":"double","format":"%.4f","description":"Error"},{"__meta":{"schema_version":-1,"schema_name":"ColumnSpecsBase","schema_type":"Iced"},"name":"Rate","type":"string","format":"= %13s","description":"Rate"}],"rowcount":6,"data":[[1854,26,181,388,72,2521],[11,180,95,38,7,331],[85,84,199,142,14,524],[347,146,575,1958,11,3037],[1,4,2,0,0,7],[0.19321148825065274,0.5909090909090909,0.8108365019011406,0.22486144101346,1.0,0.347196261682243],["444 / 2,298","260 / 440","853 / 1,052","568 / 2,526","104 / 104","2,229 / 6,420"]]}},"logloss":0.983283553757132,"mean_per_class_error":0.5639637044148689},"validation_metrics":null,"cross_validation_metrics":null,"cross_validation_metrics_summary":null,"status":null,"start_time":1597772251207,"end_time":1597772278121,"run_time":26914,"default_threshold":0.5,"help":{"validation_metrics":"Validation data model metrics", "cross_validation_metrics_summary":"Cross-validation model metrics summary", "start_time":"Start time in milliseconds", "run_time":"Runtime in milliseconds", "status":"Job status", "domains":"Domains for categorical columns", "model_category":"Category of the model (e.g., Binomial)", "default_threshold":"Default threshold used for predictions", "__meta":"Metadata on this schema instance, to make it self-describing.", "variable_importances":"Variable Importances", "model_summary":"Model summary", "scoring_history":"Scoring history", "help":"Help information for output fields", "end_time":"End time in milliseconds", "names":"Column names", "column_types":"Column types", "original_names":"Original column names", "cross_validation_fold_assignment_frame_id":"Cross-validation fold assignment (each row is assigned to one holdout fold)", "training_metrics":"Training data model metrics", "cross_validation_models":"Cross-validation models (model ids)", "cross_validation_metrics":"Cross-validation model metrics", "cross_validation_predictions":"Cross-validation predictions, one per cv model (deprecated, use cross_validation_holdout_predictions_frame_id instead)", "init_f":"The Intercept term, the initial model function value to which trees make adjustments", "cross_validation_holdout_predictions_frame_id":"Cross-validation holdout predictions (full out-of-sample predictions on training data)"},"variable_importances":{"__meta":{"schema_version":3,"schema_name":"TwoDimTableV3","schema_type":"TwoDimTable"},"name":"Variable Importances","description":"","columns":[{"__meta":{"schema_version":-1,"schema_name":"ColumnSpecsBase","schema_type":"Iced"},"name":"variable","type":"string","format":"%s","description":"Variable"},{"__meta":{"schema_version":-1,"schema_name":"ColumnSpecsBase","schema_type":"Iced"},"name":"relative_importance","type":"double","format":"%5f","description":"Relative Importance"},{"__meta":{"schema_version":-1,"schema_name":"ColumnSpecsBase","schema_type":"Iced"},"name":"scaled_importance","type":"double","format":"%5f","description":"Scaled Importance"},{"__meta":{"schema_version":-1,"schema_name":"ColumnSpecsBase","schema_type":"Iced"},"name":"percentage","type":"double","format":"%5f","description":"Percentage"}],"rowcount":10,"data":[["age_rc","psa","bxgs","wgt","poscores","bxgs1","totcores","bxgs2","diab","mi"],[468285.625,447939.6875,446253.96875,435217.6875,405642.71875,161516.125,118877.875,108737.109375,44657.5,21856.421875],[1.0,0.9565522911364192,0.9529525249680684,0.9293851108498152,0.8662292778045451,0.34490942360231536,0.2538576216171487,0.23220253531164875,0.09536380707821215,0.04667327098712458],[0.17611444763027562,0.16846267838296505,0.1678287075526278,0.16367814543311768,0.15255549078172,0.06074353262019851,0.04470799480783966,0.04089422124476059,0.0167949442074995,0.008219837338995614]]},"init_f":0.0},"compatible_frames":null}
